2dntca_b2c3i2e3a4a3e4i3q4w3k4ke5cs1ce3ianjrecqyk6ackn7c6ei7e	0c83820e0060061941946a68f0	99	0.317374	0.147365	0.145987
2dntca_b3i2e3aj2i4ri3c4n5a3k4yt5cy6knei7e8s1c2e3njr4ri5i2n3q4nw5a3k4kytz6kn7c4c6i	1733981849c04af6ae996424e0	24	0.016806	0.002270	0.004156
2dntca_b01ce2a3i2k3nj4ai5i3cq5a4yj5nrq6a4e5c6kn7c4c6i8s01c2ae3a2k3nj2i3e4r2n4n3k4kqtjz5y6n4c	1125390c5add882663707cbf2f	99	0.024892	0.005987	0.484812
2dntca_b01e2c3i2e3a2k3n4a2i3re4r2n4w5a3yk4qtjz5q6a4e5c6kn7c6es01ce2c3i2e3aj4a2i5ij4tj5nyk6ki8	2410f90c3c1ad303184fcf7bf5	99	0.426050	0.100252	0.488325
2dntca_b01ce2a3i2ek3nr2n3cq4nw3yk4yq5j4j5n4z5rq6a4e6kn7c4c7es01ce2ac3ian4r3q5a4qt5rq4e5ck4c	022478c58a1fbb91f2022bf36f	99	0.077968	0.033926	0.481181
2dntca_b01ce2a3i2e3a2k3j2i3r4i5i3cyk4k5jnr6a5cyk6kn7c4c6e7e8s01c2a3ia2k3j4a3r4ri5i2n3q4nw5a3yk4yq5j4t5nqcy6ck7c6e7e8	3a96bf992f7527f42eb3dab5ef	99	0.183312	0.116183	0.061531
2dntca_b2a3r4i5i3qk4ky5j4t6ac5k6n7c5e8s2a3ije4nw3yk4y5j4j5n4z5q6a5c6c5k6k7c5e7e	184af6a375706e604132428008	99	0.261777	0.139108	0.099038
2dntca_b2c3ar4ri5i2n3qk4kyq5j4j5n4z5rq6a4e6ckn7c4c5e6es1c2ak4a3e4nw5a3k4kyj5q6a4e5yk6k7c6e	009ef96711dfbee0513a90a090	99	0.020726	0.010078	0.012575
2dntca_b3i2e3re4r5i3c4n3y4kq5j4tj5n4z6a4e5yk6kn7c4c7es1e2ac3iaj2i4ri3c4w3y4qz5q4e5c6n7c4c6i	06273cd54233f548a66e4bc060	99	0.101720	0.029713	0.041831
2dntca_b2c3i2e3nj2i3r4r2n4w3k4kyt5rq4e5cyk6n7c4c5e6e8s1c4a2i5i4n3y4qtjz5rq4e5c6ck5e8	305cb6ddda2c4e21184b802670	99	0.024895	0.000642	0.008200
2dntca_b1ce3i2e3jre4rw3k4qtj5n4z6a4e5c6kni7es01c3aj2i3re2n3k4kyqtjz5q4e5c6c5k6knei	0781dacd5bd3d20501ce483466	99	0.340888	0.155432	0.496856
2dntca_b2c3ia2i4i5i2n4nw3y4yq5j4t5n6ac4c6i8s02cek3j4a3r4r5i3qyk4kyt5n4z5r6a5cy6c5e6i7e8	3d4403a2e9f179119ab1d510b0	86	0.019512	0.010809	0.022675
2dntca_b01ce2a3aj4a3r4ri5i3q4nw5a3k5j4tj6a4e5k6k7c4c5e8s02acek3n4a2i3r4r3c4n5a3y4yq5j4t5n4z5rq6a4e5yk6kn7c4c5e6ei7e	1cefed47ef30e2abc2fab59c8f	99	0.553153	0.130773	0.323669
2dntca_b2a3ij4ri5i3cq4nkjz5rq6n4c6i8s2c3nj4a3e2n4n3y4ytj5r6ac5ke8	31445202992e8424e138e10428	99	0.560776	0.150248	0.313513
2dntca_b2c3an4a2i3e4n3yk4kt5n4z5rqy6cn7c4c5e6ei7es1ce3an4a3e4r3q4kyj5n4z5r4e5yk6k4c5e6e7e8	2bfcf170f18f47108305a86a90	99	0.034443	0.019863	0.024775
2dntca_b1e2c3i2e3anj4ri5i2n3q4nw5a3k4k5jnrq6a4e5cy6c5k6kn7c6ei7e8s01e2ace3j4ai2n3c5a3y4yz5r4e6k7c4c5e6ei7e	1ff2bc7cc13d268fd438c5d6f4	99	0.499703	0.147096	0.438469
2dntca_b2a3je4r5i3cq4nwqj5n4z5rq6a4e5c6k4c6ei8s1c3ine4i5i2n3cq4yq5j4tj5r6ani8	3515080e9f1f901ded2c222408	99	0.396394	0.170169	0.150394
2dntca_b3i2e3an4a3r4i5i2n4n3y4kyj5r6a4e5cy6ks1e2a3r4r5i4nytj5n4z5rq6a4e5cyk6k7c4c7e	0822c9dff9148d209ab200cae0	99	0.027915	0.004148	0.011456
2dntca_b3i2e3njre5i3q4nkyj5rqc6c5k6nei7es2ace3a4ar3q5a3y4y5j4j6a4e5cyk6k7c5e6i7e8	2f52d5ea152c8c90c2268d8660	99	0.078769	0.027315	0.030056
2dntca_b01ce2ace3a2k3re4i2n3cqy4y5n6c5k6kn4c6ei7es01ce2c3i2k3nj4a3e4r3c4w3yk4ky5j4j5rq4e5cyk6kni	0715dde195e109487316f371df	99	0.078831	0.016115	0.465025
2dntca_b01c2a3i2k3n4a3re4i2n3cq5a4y5jn4z5rq6a4e5y6c5k6k5e6ei7e8s04ar3c4w3k4yq5j4z5rq4e5cy7c4c5e6ei8	37fa0df5c75f284a7216801b2b	99	0.196805	0.076837	0.483137
2dntca_b03a2k3e5i2n4nw5a3y5j4tj5n4z5r6a5y6kn5e6i7es01ce2ac3i2e3anj4a2i3r4ri5i2n4nw5a3yk4kq5j4j5r6a5ck6k7c4c5e6i7e8	2f6ad89296f7e1e79ee4eff181	99	0.072881	0.033712	0.039850
2dntca_b1c3nj4a2in4n5a3k4k5j4tjz5q6ack7c4c6ei7e8s01e3ia2k3jr4ri5i2n3q4n5a3k4kq5j4tjz5q6a4e5y7c6e7e8	3b9629635edae6b69e815a5e02	48	0.017432	0.002837	0.003319
2dntca_b2a3ar4wyqtz5q6a5y6ckn7c4c6i7e8s2a3aj4a2i3re5i2n3c4w3k4kj5n4z5rq6a4e5cy6cke	1384bbf3f0da584d09c2c88088	99	0.482738	0.222367	0.239844
2dntca_b01ce2ac3i2e3aj4a2i3re4r2n3c4y5j4j5n4z5rq6a5cy6c5k4cs1ce2a3i2ek3j2i3re4i2n4nkq5jn4e5c6c5k6kn5e	0045c6f8269fa82435cf56ecff	99	0.036906	0.009696	0.451394
2dntca_b1e2ace3a2ki3e4r2n4w3y4yj5rq6a4e5cy6c5k6k5e6ei7e8s1e2a3aj2i3r4i5i2n3q4w3y4tjze5y6k7c	131a8d7c583c89551ccd48c1dc	99	0.092435	0.033229	0.495519
2dntca_b2ce3a2k3nj4a2i3r4i5i3cy4kq5j4t5q6ac5k6kn7c4c5e6ei7e8s1ce3i2e3an2i3e4i5i4n5a3y5j4t5n6a5yk6k7c4c5e6e7e8	3bfefd222c3875a02d732e6fd0	50	0.018129	0.001965	0.004144
2dntca_b3i2e3ar4ri5i4n5a3k5j4t5r6a4e6cn7c6es1ce2cek4a2i3re4ri5i2n3cq4n3yk4y5j4jz5rq6a5c6kn7c6i7e8	2c13b0a7d574623e8ffa9560e0	99	0.633444	0.160254	0.460150
2dntca_b01ce2c3i2k4ai5i3c4wkyqz5q6a5yk7c4c5e6e8s1c2a3i2ek3n4a3re4i5i2n3cq4w5a3k4kyq5jnr7c5e6ei7e	1cde2410a7da1cdd2db0b6a937	99	0.744315	0.100381	0.468419
2dntca_b2c3i2e3a4a3e4i3q4w3k4ke5cs1ce3ianjrecqyk6ackn7c6ei7e	0c83820e0060061941946a68f0	99	0.332200	0.152146	0.152963
2dntca_b3i2e3aj2i4ri3c4n5a3k4yt5cy6knei7e8s1c2e3njr4ri5i2n3q4nw5a3k4kytz6kn7c4c6i	1733981849c04af6ae996424e0	24	0.016754	0.002166	0.004281
2dntca_b2c3i2e3a4a3e4i3q4w3k4ke5cs1ce3ianjrecqyk6ackn7c6ei7e	0c83820e0060061941946a68f0	99	0.317374	0.147365	0.145987
2dntca_b3i2e3aj2i4ri3c4n5a3k4yt5cy6knei7e8s1c2e3njr4ri5i2n3q4nw5a3k4kytz6kn7c4c6i	1733981849c04af6ae996424e0	24	0.016806	0.002270	0.004156
2dntca_b01ce2a3i2k3nj4ai5i3cq5a4yj5nrq6a4e5c6kn7c4c6i8s01c2ae3a2k3nj2i3e4r2n4n3k4kqtjz5y6n4c	1125390c5add882663707cbf2f	99	0.022428	0.005409	0.441937
2dntca_b01e2c3i2e3a2k3n4a2i3re4r2n4w5a3yk4qtjz5q6a4e5c6kn7c6es01ce2c3i2e3aj4a2i5ij4tj5nyk6ki8	2410f90c3c1ad303184fcf7bf5	99	0.431127	0.103320	0.488019
2dntca_b01ce2a3i2ek3nr2n3cq4nw3yk4yq5j4j5n4z5rq6a4e6kn7c4c7es01ce2ac3ian4r3q5a4qt5rq4e5ck4c	022478c58a1fbb91f2022bf36f	99	0.091699	0.039801	0.475113
2dntca_b01ce2a3i2e3a2k3j2i3r4i5i3cyk4k5jnr6a5cyk6kn7c4c6e7e8s01c2a3ia2k3j4a3r4ri5i2n3q4nw5a3yk4yq5j4t5nqcy6ck7c6e7e8	3a96bf992f7527f42eb3dab5ef	99	0.187525	0.115335	0.063325
2dntca_b2a3r4i5i3qk4ky5j4t6ac5k6n7c5e8s2a3ije4nw3yk4y5j4j5n4z5q6a5c6c5k6k7c5e7e	184af6a375706e604132428008	99	0.246873	0.131290	0.094637
2dntca_b2c3ar4ri5i2n3qk4kyq5j4j5n4z5rq6a4e6ckn7c4c5e6es1c2ak4a3e4nw5a3k4kyj5q6a4e5yk6k7c6e	009ef96711dfbee0513a90a090	76	0.019989	0.010789	0.011925
2dntca_b3i2e3re4r5i3c4n3y4kq5j4tj5n4z6a4e5yk6kn7c4c7es1e2ac3iaj2i4ri3c4w3y4qz5q4e5c6n7c4c6i	06273cd54233f548a66e4bc060	99	0.096392	0.029403	0.040569
2dntca_b2c3i2e3nj2i3r4r2n4w3k4kyt5rq4e5cyk6n7c4c5e6e8s1c4a2i5i4n3y4qtjz5rq4e5c6ck5e8	305cb6ddda2c4e21184b802670	99	0.022306	0.000617	0.007131
2dntca_b1ce3i2e3jre4rw3k4qtj5n4z6a4e5c6kni7es01c3aj2i3re2n3k4kyqtjz5q4e5c6c5k6knei	0781dacd5bd3d20501ce483466	99	0.342843	0.154522	0.496244
2dntca_b2c3ia2i4i5i2n4nw3y4yq5j4t5n6ac4c6i8s02cek3j4a3r4r5i3qyk4kyt5n4z5r6a5cy6c5e6i7e8	3d4403a2e9f179119ab1d510b0	96	0.019872	0.010131	0.023131
2dntca_b01ce2a3aj4a3r4ri5i3q4nw5a3k5j4tj6a4e5k6k7c4c5e8s02acek3n4a2i3r4r3c4n5a3y4yq5j4t5n4z5rq6a4e5yk6kn7c4c5e6ei7e	1cefed47ef30e2abc2fab59c8f	99	0.553303	0.132449	0.324181
2dntca_b2a3ij4ri5i3cq4nkjz5rq6n4c6i8s2c3nj4a3e2n4n3y4ytj5r6ac5ke8	31445202992e8424e138e10428	99	0.550105	0.150449	0.316781
2dntca_b2c3an4a2i3e4n3yk4kt5n4z5rqy6cn7c4c5e6ei7es1ce3an4a3e4r3q4kyj5n4z5r4e5yk6k4c5e6e7e8	2bfcf170f18f47108305a86a90	99	0.032070	0.019715	0.024837
2dntca_b1e2c3i2e3anj4ri5i2n3q4nw5a3k4k5jnrq6a4e5cy6c5k6kn7c6ei7e8s01e2ace3j4ai2n3c5a3y4yz5r4e6k7c4c5e6ei7e	1ff2bc7cc13d268fd438c5d6f4	99	0.489058	0.150210	0.438006
2dntca_b2a3je4r5i3cq4nwqj5n4z5rq6a4e5c6k4c6ei8s1c3ine4i5i2n3cq4yq5j4tj5r6ani8	3515080e9f1f901ded2c222408	99	0.397471	0.166582	0.151256
2dntca_b3i2e3an4a3r4i5i2n4n3y4kyj5r6a4e5cy6ks1e2a3r4r5i4nytj5n4z5rq6a4e5cyk6k7c4c7e	0822c9dff9148d209ab200cae0	99	0.030803	0.006322	0.011875
2dntca_b3i2e3njre5i3q4nkyj5rqc6c5k6nei7es2ace3a4ar3q5a3y4y5j4j6a4e5cyk6k7c5e6i7e8	2f52d5ea152c8c90c2268d8660	99	0.079449	0.029130	0.029644
2dntca_b01ce2ace3a2k3re4i2n3cqy4y5n6c5k6kn4c6ei7es01ce2c3i2k3nj4a3e4r3c4w3yk4ky5j4j5rq4e5cyk6kni	0715dde195e109487316f371df	99	0.067608	0.014545	0.467450
2dntca_b01c2a3i2k3n4a3re4i2n3cq5a4y5jn4z5rq6a4e5y6c5k6k5e6ei7e8s04ar3c4w3k4yq5j4z5rq4e5cy7c4c5e6ei8	37fa0df5c75f284a7216801b2b	99	0.207178	0.079653	0.483875
2dntca_b03a2k3e5i2n4nw5a3y5j4tj5n4z5r6a5y6kn5e6i7es01ce2ac3i2e3anj4a2i3r4ri5i2n4nw5a3yk4kq5j4j5r6a5ck6k7c4c5e6i7e8	2f6ad89296f7e1e79ee4eff181	99	0.073525	0.033709	0.040750
2dntca_b1c3nj4a2in4n5a3k4k5j4tjz5q6ack7c4c6ei7e8s01e3ia2k3jr4ri5i2n3q4n5a3k4kq5j4tjz5q6a4e5y7c6e7e8	3b9629635edae6b69e815a5e02	50	0.017785	0.003719	0.003869
2dntca_b2a3ar4wyqtz5q6a5y6ckn7c4c6i7e8s2a3aj4a2i3re5i2n3c4w3k4kj5n4z5rq6a4e5cy6cke	1384bbf3f0da584d09c2c88088	99	0.486973	0.222220	0.242281
2dntca_b01ce2ac3i2e3aj4a2i3re4r2n3c4y5j4j5n4z5rq6a5cy6c5k4cs1ce2a3i2ek3j2i3re4i2n4nkq5jn4e5c6c5k6kn5e	0045c6f8269fa82435cf56ecff	99	0.034331	0.006768	0.462156
2dntca_b1e2ace3a2ki3e4r2n4w3y4yj5rq6a4e5cy6c5k6k5e6ei7e8s1e2a3aj2i3r4i5i2n3q4w3y4tjze5y6k7c	131a8d7c583c89551ccd48c1dc	99	0.104885	0.037635	0.495663
2dntca_b2ce3a2k3nj4a2i3r4i5i3cy4kq5j4t5q6ac5k6kn7c4c5e6ei7e8s1ce3i2e3an2i3e4i5i4n5a3y5j4t5n6a5yk6k7c4c5e6e7e8	3bfefd222c3875a02d732e6fd0	51	0.019549	0.002364	0.003769
2dntca_b3i2e3ar4ri5i4n5a3k5j4t5r6a4e6cn7c6es1ce2cek4a2i3re4ri5i2n3cq4n3yk4y5j4jz5rq6a5c6kn7c6i7e8	2c13b0a7d574623e8ffa9560e0	99	0.622665	0.158924	0.475975
2dntca_b01ce2c3i2k4ai5i3c4wkyqz5q6a5yk7c4c5e6e8s1c2a3i2ek3n4a3re4i5i2n3cq4w5a3k4kyq5jnr7c5e6ei7e	1cde2410a7da1cdd2db0b6a937	99	0.741763	0.101534	0.468231
2dntca_b2c3i2e3a4a3e4i3q4w3k4ke5cs1ce3ianjrecqyk6ackn7c6ei7e	0c83820e0060061941946a68f0	99	0.331417	0.150071	0.152138
2dntca_b3i2e3aj2i4ri3c4n5a3k4yt5cy6knei7e8s1c2e3njr4ri5i2n3q4nw5a3k4kytz6kn7c4c6i	1733981849c04af6ae996424e0	24	0.016009	0.002222	0.003706
2dntca_b01ce2a3i2k3nj4ai5i3cq5a4yj5nrq6a4e5c6kn7c4c6i8s01c2ae3a2k3nj2i3e4r2n4n3k4kqtjz5y6n4c	1125390c5add882663707cbf2f	99	0.025328	0.007665	0.492744
2dntca_b01e2c3i2e3a2k3n4a2i3re4r2n4w5a3yk4qtjz5q6a4e5c6kn7c6es01ce2c3i2e3aj4a2i5ij4tj5nyk6ki8	2410f90c3c1ad303184fcf7bf5	99	0.401636	0.092192	0.490775
2dntca_b01ce2a3i2ek3nr2n3cq4nw3yk4yq5j4j5n4z5rq6a4e6kn7c4c7es01ce2ac3ian4r3q5a4qt5rq4e5ck4c	022478c58a1fbb91f2022bf36f	99	0.084073	0.036081	0.482644
2dntca_b01ce2a3i2e3a2k3j2i3r4i5i3cyk4k5jnr6a5cyk6kn7c4c6e7e8s01c2a3ia2k3j4a3r4ri5i2n3q4nw5a3yk4yq5j4t5nqcy6ck7c6e7e8	3a96bf992f7527f42eb3dab5ef	99	0.181772	0.112792	0.061600
2dntca_b2a3r4i5i3qk4ky5j4t6ac5k6n7c5e8s2a3ije4nw3yk4y5j4j5n4z5q6a5c6c5k6k7c5e7e	184af6a375706e604132428008	99	0.252724	0.135452	0.093281
2dntca_b2c3ar4ri5i2n3qk4kyq5j4j5n4z5rq6a4e6ckn7c4c5e6es1c2ak4a3e4nw5a3k4kyj5q6a4e5yk6k7c6e	009ef96711dfbee0513a90a090	99	0.020050	0.010176	0.012263
2dntca_b3i2e3re4r5i3c4n3y4kq5j4tj5n4z6a4e5yk6kn7c4c7es1e2ac3iaj2i4ri3c4w3y4qz5q4e5c6n7c4c6i	06273cd54233f548a66e4bc060	99	0.101720	0.029713	0.041831
2dntca_b2c3i2e3nj2i3r4r2n4w3k4kyt5rq4e5cyk6n7c4c5e6e8s1c4a2i5i4n3y4qtjz5rq4e5c6ck5e8	305cb6ddda2c4e21184b802670	99	0.024895	0.000642	0.008200
2dntca_b1ce3i2e3jre4rw3k4qtj5n4z6a4e5c6kni7es01c3aj2i3re2n3k4kyqtjz5q4e5c6c5k6knei	0781dacd5bd3d20501ce483466	99	0.360840	0.161524	0.496881
2dntca_b2c3ia2i4i5i2n4nw3y4yq5j4t5n6ac4c6i8s02cek3j4a3r4r5i3qyk4kyt5n4z5r6a5cy6c5e6i7e8	3d4403a2e9f179119ab1d510b0	86	0.019512	0.010809	0.022675
2dntca_b01ce2a3aj4a3r4ri5i3q4nw5a3k5j4tj6a4e5k6k7c4c5e8s02acek3n4a2i3r4r3c4n5a3y4yq5j4t5n4z5rq6a4e5yk6kn7c4c5e6ei7e	1cefed47ef30e2abc2fab59c8f	99	0.552149	0.132933	0.322894
2dntca_b2a3ij4ri5i3cq4nkjz5rq6n4c6i8s2c3nj4a3e2n4n3y4ytj5r6ac5ke8	31445202992e8424e138e10428	99	0.560776	0.150248	0.313513
2dntca_b2c3an4a2i3e4n3yk4kt5n4z5rqy6cn7c4c5e6ei7es1ce3an4a3e4r3q4kyj5n4z5r4e5yk6k4c5e6e7e8	2bfcf170f18f47108305a86a90	99	0.030967	0.018923	0.022825
2dntca_b1e2c3i2e3anj4ri5i2n3q4nw5a3k4k5jnrq6a4e5cy6c5k6kn7c6ei7e8s01e2ace3j4ai2n3c5a3y4yz5r4e6k7c4c5e6ei7e	1ff2bc7cc13d268fd438c5d6f4	99	0.499738	0.148672	0.436806
2dntca_b2a3je4r5i3cq4nwqj5n4z5rq6a4e5c6k4c6ei8s1c3ine4i5i2n3cq4yq5j4tj5r6ani8	3515080e9f1f901ded2c222408	99	0.394030	0.170088	0.148631
2dntca_b3i2e3an4a3r4i5i2n4n3y4kyj5r6a4e5cy6ks1e2a3r4r5i4nytj5n4z5rq6a4e5cyk6k7c4c7e	0822c9dff9148d209ab200cae0	99	0.027751	0.004648	0.010819
2dntca_b3i2e3njre5i3q4nkyj5rqc6c5k6nei7es2ace3a4ar3q5a3y4y5j4j6a4e5cyk6k7c5e6i7e8	2f52d5ea152c8c90c2268d8660	99	0.074954	0.026709	0.028619
2dntca_b01ce2ace3a2k3re4i2n3cqy4y5n6c5k6kn4c6ei7es01ce2c3i2k3nj4a3e4r3c4w3yk4ky5j4j5rq4e5cyk6kni	0715dde195e109487316f371df	99	0.072471	0.013749	0.474438
2dntca_b01c2a3i2k3n4a3re4i2n3cq5a4y5jn4z5rq6a4e5y6c5k6k5e6ei7e8s04ar3c4w3k4yq5j4z5rq4e5cy7c4c5e6ei8	37fa0df5c75f284a7216801b2b	99	0.203173	0.077366	0.483469
2dntca_b03a2k3e5i2n4nw5a3y5j4tj5n4z5r6a5y6kn5e6i7es01ce2ac3i2e3anj4a2i3r4ri5i2n4nw5a3yk4kq5j4j5r6a5ck6k7c4c5e6i7e8	2f6ad89296f7e1e79ee4eff181	99	0.071319	0.031145	0.039763
2dntca_b1c3nj4a2in4n5a3k4k5j4tjz5q6ack7c4c6ei7e8s01e3ia2k3jr4ri5i2n3q4n5a3k4kq5j4tjz5q6a4e5y7c6e7e8	3b9629635edae6b69e815a5e02	50	0.019321	0.003472	0.004212
2dntca_b2a3ar4wyqtz5q6a5y6ckn7c4c6i7e8s2a3aj4a2i3re5i2n3c4w3k4kj5n4z5rq6a4e5cy6cke	1384bbf3f0da584d09c2c88088	99	0.495335	0.216957	0.243638
2dntca_b01ce2ac3i2e3aj4a2i3re4r2n3c4y5j4j5n4z5rq6a5cy6c5k4cs1ce2a3i2ek3j2i3re4i2n4nkq5jn4e5c6c5k6kn5e	0045c6f8269fa82435cf56ecff	99	0.035474	0.009234	0.434631
2dntca_b1e2ace3a2ki3e4r2n4w3y4yj5rq6a4e5cy6c5k6k5e6ei7e8s1e2a3aj2i3r4i5i2n3q4w3y4tjze5y6k7c	131a8d7c583c89551ccd48c1dc	99	0.107195	0.039264	0.495325
2dntca_b2ce3a2k3nj4a2i3r4i5i3cy4kq5j4t5q6ac5k6kn7c4c5e6ei7e8s1ce3i2e3an2i3e4i5i4n5a3y5j4t5n6a5yk6k7c4c5e6e7e8	3bfefd222c3875a02d732e6fd0	52	0.017886	0.002672	0.003369
2dntca_b3i2e3ar4ri5i4n5a3k5j4t5r6a4e6cn7c6es1ce2cek4a2i3re4ri5i2n3cq4n3yk4y5j4jz5rq6a5c6kn7c6i7e8	2c13b0a7d574623e8ffa9560e0	99	0.630719	0.160669	0.464694
2dntca_b01ce2c3i2k4ai5i3c4wkyqz5q6a5yk7c4c5e6e8s1c2a3i2ek3n4a3re4i5i2n3cq4w5a3k4kyq5jnr7c5e6ei7e	1cde2410a7da1cdd2db0b6a937	99	0.742730	0.101816	0.466419
2dntca_b2c3i2e3a4a3e4i3q4w3k4ke5cs1ce3ianjrecqyk6ackn7c6ei7e	0c83820e0060061941946a68f0	99	0.314584	0.146054	0.145000
2dntca_b3i2e3aj2i4ri3c4n5a3k4yt5cy6knei7e8s1c2e3njr4ri5i2n3q4nw5a3k4kytz6kn7c4c6i	1733981849c04af6ae996424e0	23	0.019246	0.002571	0.003981
2dntca_b01ce2a3i2k3nj4ai5i3cq5a4yj5nrq6a4e5c6kn7c4c6i8s01c2ae3a2k3nj2i3e4r2n4n3k4kqtjz5y6n4c	1125390c5add882663707cbf2f	99	0.024431	0.006170	0.480931
2dntca_b01e2c3i2e3a2k3n4a2i3re4r2n4w5a3yk4qtjz5q6a4e5c6kn7c6es01ce2c3i2e3aj4a2i5ij4tj5nyk6ki8	2410f90c3c1ad303184fcf7bf5	99	0.407324	0.095961	0.489531
2dntca_b01ce2a3i2ek3nr2n3cq4nw3yk4yq5j4j5n4z5rq6a4e6kn7c4c7es01ce2ac3ian4r3q5a4qt5rq4e5ck4c	022478c58a1fbb91f2022bf36f	99	0.089086	0.038891	0.499481
2dntca_b01ce2a3i2e3a2k3j2i3r4i5i3cyk4k5jnr6a5cyk6kn7c4c6e7e8s01c2a3ia2k3j4a3r4ri5i2n3q4nw5a3yk4yq5j4t5nqcy6ck7c6e7e8	3a96bf992f7527f42eb3dab5ef	99	0.187114	0.121616	0.062575
2dntca_b2a3r4i5i3qk4ky5j4t6ac5k6n7c5e8s2a3ije4nw3yk4y5j4j5n4z5q6a5c6c5k6k7c5e7e	184af6a375706e604132428008	99	0.245154	0.132899	0.091487
2dntca_b2c3ar4ri5i2n3qk4kyq5j4j5n4z5rq6a4e6ckn7c4c5e6es1c2ak4a3e4nw5a3k4kyj5q6a4e5yk6k7c6e	009ef96711dfbee0513a90a090	81	0.019966	0.012140	0.011944
2dntca_b3i2e3re4r5i3c4n3y4kq5j4tj5n4z6a4e5yk6kn7c4c7es1e2ac3iaj2i4ri3c4w3y4qz5q4e5c6n7c4c6i	06273cd54233f548a66e4bc060	99	0.099440	0.030763	0.041962
2dntca_b2c3i2e3nj2i3r4r2n4w3k4kyt5rq4e5cyk6n7c4c5e6e8s1c4a2i5i4n3y4qtjz5rq4e5c6ck5e8	305cb6ddda2c4e21184b802670	99	0.025292	0.000866	0.008056
2dntca_b1ce3i2e3jre4rw3k4qtj5n4z6a4e5c6kni7es01c3aj2i3re2n3k4kyqtjz5q4e5c6c5k6knei	0781dacd5bd3d20501ce483466	99	0.339667	0.160188	0.497638
2dntca_b2c3ia2i4i5i2n4nw3y4yq5j4t5n6ac4c6i8s02cek3j4a3r4r5i3qyk4kyt5n4z5r6a5cy6c5e6i7e8	3d4403a2e9f179119ab1d510b0	91	0.019489	0.010379	0.023625
2dntca_b01ce2a3aj4a3r4ri5i3q4nw5a3k5j4tj6a4e5k6k7c4c5e8s02acek3n4a2i3r4r3c4n5a3y4yq5j4t5n4z5rq6a4e5yk6kn7c4c5e6ei7e	1cefed47ef30e2abc2fab59c8f	99	0.554280	0.132364	0.324100
2dntca_b2a3ij4ri5i3cq4nkjz5rq6n4c6i8s2c3nj4a3e2n4n3y4ytj5r6ac5ke8	31445202992e8424e138e10428	99	0.557905	0.150894	0.314312
2dntca_b2c3an4a2i3e4n3yk4kt5n4z5rqy6cn7c4c5e6ei7es1ce3an4a3e4r3q4kyj5n4z5r4e5yk6k4c5e6e7e8	2bfcf170f18f47108305a86a90	99	0.034443	0.019863	0.024775
2dntca_b1e2c3i2e3anj4ri5i2n3q4nw5a3k4k5jnrq6a4e5cy6c5k6kn7c6ei7e8s01e2ace3j4ai2n3c5a3y4yz5r4e6k7c4c5e6ei7e	1ff2bc7cc13d268fd438c5d6f4	99	0.488192	0.153174	0.439375
2dntca_b2a3je4r5i3cq4nwqj5n4z5rq6a4e5c6k4c6ei8s1c3ine4i5i2n3cq4yq5j4tj5r6ani8	3515080e9f1f901ded2c222408	99	0.396394	0.170169	0.150394
2dntca_b3i2e3an4a3r4i5i2n4n3y4kyj5r6a4e5cy6ks1e2a3r4r5i4nytj5n4z5rq6a4e5cyk6k7c4c7e	0822c9dff9148d209ab200cae0	99	0.027915	0.004148	0.011456
2dntca_b3i2e3njre5i3q4nkyj5rqc6c5k6nei7es2ace3a4ar3q5a3y4y5j4j6a4e5cyk6k7c5e6i7e8	2f52d5ea152c8c90c2268d8660	99	0.078769	0.027315	0.030056
2dntca_b01ce2ace3a2k3re4i2n3cqy4y5n6c5k6kn4c6ei7es01ce2c3i2k3nj4a3e4r3c4w3yk4ky5j4j5rq4e5cyk6kni	0715dde195e109487316f371df	99	0.069354	0.013401	0.482431
2dntca_b01c2a3i2k3n4a3re4i2n3cq5a4y5jn4z5rq6a4e5y6c5k6k5e6ei7e8s04ar3c4w3k4yq5j4z5rq4e5cy7c4c5e6ei8	37fa0df5c75f284a7216801b2b	99	0.203173	0.077366	0.483469
2dntca_b03a2k3e5i2n4nw5a3y5j4tj5n4z5r6a5y6kn5e6i7es01ce2ac3i2e3anj4a2i3r4ri5i2n4nw5a3yk4kq5j4j5r6a5ck6k7c4c5e6i7e8	2f6ad89296f7e1e79ee4eff181	99	0.075502	0.033265	0.041444
2dntca_b2c3i2e3a4a3e4i3q4w3k4ke5cs1ce3ianjrecqyk6ackn7c6ei7e	0c83820e0060061941946a68f0	99	0.317374	0.147365	0.145987
2dntca_b3i2e3aj2i4ri3c4n5a3k4yt5cy6knei7e8s1c2e3njr4ri5i2n3q4nw5a3k4kytz6kn7c4c6i	1733981849c04af6ae996424e0	24	0.016806	0.002270	0.004156
2dntca_b01ce2a3i2k3nj4ai5i3cq5a4yj5nrq6a4e5c6kn7c4c6i8s01c2ae3a2k3nj2i3e4r2n4n3k4kqtjz5y6n4c	1125390c5add882663707cbf2f	99	0.022428	0.005409	0.441937
2dntca_b01e2c3i2e3a2k3n4a2i3re4r2n4w5a3yk4qtjz5q6a4e5c6kn7c6es01ce2c3i2e3aj4a2i5ij4tj5nyk6ki8	2410f90c3c1ad303184fcf7bf5	99	0.431127	0.103320	0.488019
2dntca_b01ce2a3i2ek3nr2n3cq4nw3yk4yq5j4j5n4z5rq6a4e6kn7c4c7es01ce2ac3ian4r3q5a4qt5rq4e5ck4c	022478c58a1fbb91f2022bf36f	99	0.091699	0.039801	0.475113
2dntca_b01ce2a3i2e3a2k3j2i3r4i5i3cyk4k5jnr6a5cyk6kn7c4c6e7e8s01c2a3ia2k3j4a3r4ri5i2n3q4nw5a3yk4yq5j4t5nqcy6ck7c6e7e8	3a96bf992f7527f42eb3dab5ef	99	0.187525	0.115335	0.063325
2dntca_b2a3r4i5i3qk4ky5j4t6ac5k6n7c5e8s2a3ije4nw3yk4y5j4j5n4z5q6a5c6c5k6k7c5e7e	184af6a375706e604132428008	99	0.246873	0.131290	0.094637
2dntca_b2c3ar4ri5i2n3qk4kyq5j4j5n4z5rq6a4e6ckn7c4c5e6es1c2ak4a3e4nw5a3k4kyj5q6a4e5yk6k7c6e	009ef96711dfbee0513a90a090	76	0.019989	0.010789	0.011925
2dntca_b3i2e3re4r5i3c4n3y4kq5j4tj5n4z6a4e5yk6kn7c4c7es1e2ac3iaj2i4ri3c4w3y4qz5q4e5c6n7c4c6i	06273cd54233f548a66e4bc060	99	0.096392	0.029403	0.040569
2dntca_b2c3i2e3nj2i3r4r2n4w3k4kyt5rq4e5cyk6n7c4c5e6e8s1c4a2i5i4n3y4qtjz5rq4e5c6ck5e8	305cb6ddda2c4e21184b802670	99	0.022306	0.000617	0.007131
2dntca_b1ce3i2e3jre4rw3k4qtj5n4z6a4e5c6kni7es01c3aj2i3re2n3k4kyqtjz5q4e5c6c5k6knei	0781dacd5bd3d20501ce483466	99	0.342843	0.154522	0.496244
2dntca_b2c3ia2i4i5i2n4nw3y4yq5j4t5n6ac4c6i8s02cek3j4a3r4r5i3qyk4kyt5n4z5r6a5cy6c5e6i7e8	3d4403a2e9f179119ab1d510b0	96	0.019872	0.010131	0.023131
2dntca_b01ce2a3aj4a3r4ri5i3q4nw5a3k5j4tj6a4e5k6k7c4c5e8s02acek3n4a2i3r4r3c4n5a3y4yq5j4t5n4z5rq6a4e5yk6kn7c4c5e6ei7e	1cefed47ef30e2abc2fab59c8f	99	0.553303	0.132449	0.324181
2dntca_b2a3ij4ri5i3cq4nkjz5rq6n4c6i8s2c3nj4a3e2n4n3y4ytj5r6ac5ke8	31445202992e8424e138e10428	99	0.550105	0.150449	0.316781
2dntca_b2c3an4a2i3e4n3yk4kt5n4z5rqy6cn7c4c5e6ei7es1ce3an4a3e4r3q4kyj5n4z5r4e5yk6k4c5e6e7e8	2bfcf170f18f47108305a86a90	99	0.032070	0.019715	0.024837
2dntca_b1e2c3i2e3anj4ri5i2n3q4nw5a3k4k5jnrq6a4e5cy6c5k6kn7c6ei7e8s01e2ace3j4ai2n3c5a3y4yz5r4e6k7c4c5e6ei7e	1ff2bc7cc13d268fd438c5d6f4	99	0.489058	0.150210	0.438006
2dntca_b2a3je4r5i3cq4nwqj5n4z5rq6a4e5c6k4c6ei8s1c3ine4i5i2n3cq4yq5j4tj5r6ani8	3515080e9f1f901ded2c222408	99	0.397471	0.166582	0.151256
2dntca_b3i2e3an4a3r4i5i2n4n3y4kyj5r6a4e5cy6ks1e2a3r4r5i4nytj5n4z5rq6a4e5cyk6k7c4c7e	0822c9dff9148d209ab200cae0	99	0.030803	0.006322	0.011875
2dntca_b3i2e3njre5i3q4nkyj5rqc6c5k6nei7es2ace3a4ar3q5a3y4y5j4j6a4e5cyk6k7c5e6i7e8	2f52d5ea152c8c90c2268d8660	99	0.079449	0.029130	0.029644
2dntca_b01ce2ace3a2k3re4i2n3cqy4y5n6c5k6kn4c6ei7es01ce2c3i2k3nj4a3e4r3c4w3yk4ky5j4j5rq4e5cyk6kni	0715dde195e109487316f371df	99	0.069626	0.014334	0.473812
2dntca_b01c2a3i2k3n4a3re4i2n3cq5a4y5jn4z5rq6a4e5y6c5k6k5e6ei7e8s04ar3c4w3k4yq5j4z5rq4e5cy7c4c5e6ei8	37fa0df5c75f284a7216801b2b	99	0.215192	0.083436	0.483963
2dntca_b03a2k3e5i2n4nw5a3y5j4tj5n4z5r6a5y6kn5e6i7es01ce2ac3i2e3anj4a2i3r4ri5i2n4nw5a3yk4kq5j4j5r6a5ck6k7c4c5e6i7e8	2f6ad89296f7e1e79ee4eff181	99	0.076029	0.033354	0.041562
2dntca_b1c3nj4a2in4n5a3k4k5j4tjz5q6ack7c4c6ei7e8s01e3ia2k3jr4ri5i2n3q4n5a3k4kq5j4tjz5q6a4e5y7c6e7e8	3b9629635edae6b69e815a5e02	50	0.017785	0.003719	0.003869
2dntca_b2a3ar4wyqtz5q6a5y6ckn7c4c6i7e8s2a3aj4a2i3re5i2n3c4w3k4kj5n4z5rq6a4e5cy6cke	1384bbf3f0da584d09c2c88088	99	0.486973	0.222220	0.242281
2dntca_b01ce2ac3i2e3aj4a2i3re4r2n3c4y5j4j5n4z5rq6a5cy6c5k4cs1ce2a3i2ek3j2i3re4i2n4nkq5jn4e5c6c5k6kn5e	0045c6f8269fa82435cf56ecff	99	0.035529	0.007615	0.475469
2dntca_b1e2ace3a2ki3e4r2n4w3y4yj5rq6a4e5cy6c5k6k5e6ei7e8s1e2a3aj2i3r4i5i2n3q4w3y4tjze5y6k7c	131a8d7c583c89551ccd48c1dc	99	0.104885	0.037635	0.495663
2dntca_b2ce3a2k3nj4a2i3r4i5i3cy4kq5j4t5q6ac5k6kn7c4c5e6ei7e8s1ce3i2e3an2i3e4i5i4n5a3y5j4t5n6a5yk6k7c4c5e6e7e8	3bfefd222c3875a02d732e6fd0	51	0.019549	0.002364	0.003769
2dntca_b3i2e3ar4ri5i4n5a3k5j4t5r6a4e6cn7c6es1ce2cek4a2i3re4ri5i2n3cq4n3yk4y5j4jz5rq6a5c6kn7c6i7e8	2c13b0a7d574623e8ffa9560e0	99	0.627738	0.160107	0.471681
2dntca_b01ce2c3i2k4ai5i3c4wkyqz5q6a5yk7c4c5e6e8s1c2a3i2ek3n4a3re4i5i2n3cq4w5a3k4kyq5jnr7c5e6ei7e	1cde2410a7da1cdd2db0b6a937	99	0.741763	0.101534	0.468231
2dntca_b2c3i2e3a4a3e4i3q4w3k4ke5cs1ce3ianjrecqyk6ackn7c6ei7e	0c83820e0060061941946a68f0	99	0.331417	0.150071	0.152138
2dntca_b3i2e3aj2i4ri3c4n5a3k4yt5cy6knei7e8s1c2e3njr4ri5i2n3q4nw5a3k4kytz6kn7c4c6i	1733981849c04af6ae996424e0	24	0.016009	0.002222	0.003706
2dntca_b01ce2a3i2k3nj4ai5i3cq5a4yj5nrq6a4e5c6kn7c4c6i8s01c2ae3a2k3nj2i3e4r2n4n3k4kqtjz5y6n4c	1125390c5add882663707cbf2f	99	0.025328	0.007665	0.492744
2dntca_b2c3i2e3a4a3e4i3q4w3k4ke5cs1ce3ianjrecqyk6ackn7c6ei7e	0c83820e0060061941946a68f0	99	0.317374	0.147365	0.145987
2dntca_b3i2e3aj2i4ri3c4n5a3k4yt5cy6knei7e8s1c2e3njr4ri5i2n3q4nw5a3k4kytz6kn7c4c6i	1733981849c04af6ae996424e0	24	0.016806	0.002270	0.004156
2dntca_b01ce2a3i2k3nj4ai5i3cq5a4yj5nrq6a4e5c6kn7c4c6i8s01c2ae3a2k3nj2i3e4r2n4n3k4kqtjz5y6n4c	1125390c5add882663707cbf2f	99	0.022428	0.005409	0.441937
2dntca_b01e2c3i2e3a2k3n4a2i3re4r2n4w5a3yk4qtjz5q6a4e5c6kn7c6es01ce2c3i2e3aj4a2i5ij4tj5nyk6ki8	2410f90c3c1ad303184fcf7bf5	99	0.431127	0.103320	0.488019
2dntca_b01ce2a3i2ek3nr2n3cq4nw3yk4yq5j4j5n4z5rq6a4e6kn7c4c7es01ce2ac3ian4r3q5a4qt5rq4e5ck4c	022478c58a1fbb91f2022bf36f	99	0.091699	0.039801	0.475113
2dntca_b01ce2a3i2e3a2k3j2i3r4i5i3cyk4k5jnr6a5cyk6kn7c4c6e7e8s01c2a3ia2k3j4a3r4ri5i2n3q4nw5a3yk4yq5j4t5nqcy6ck7c6e7e8	3a96bf992f7527f42eb3dab5ef	99	0.187525	0.115335	0.063325
2dntca_b2a3r4i5i3qk4ky5j4t6ac5k6n7c5e8s2a3ije4nw3yk4y5j4j5n4z5q6a5c6c5k6k7c5e7e	184af6a375706e604132428008	99	0.246873	0.131290	0.094637
2dntca_b2c3ar4ri5i2n3qk4kyq5j4j5n4z5rq6a4e6ckn7c4c5e6es1c2ak4a3e4nw5a3k4kyj5q6a4e5yk6k7c6e	009ef96711dfbee0513a90a090	76	0.019989	0.010789	0.011925
2dntca_b3i2e3re4r5i3c4n3y4kq5j4tj5n4z6a4e5yk6kn7c4c7es1e2ac3iaj2i4ri3c4w3y4qz5q4e5c6n7c4c6i	06273cd54233f548a66e4bc060	99	0.096392	0.029403	0.040569
2dntca_b2c3i2e3nj2i3r4r2n4w3k4kyt5rq4e5cyk6n7c4c5e6e8s1c4a2i5i4n3y4qtjz5rq4e5c6ck5e8	305cb6ddda2c4e21184b802670	99	0.022306	0.000617	0.007131
2dntca_b1ce3i2e3jre4rw3k4qtj5n4z6a4e5c6kni7es01c3aj2i3re2n3k4kyqtjz5q4e5c6c5k6knei	0781dacd5bd3d20501ce483466	99	0.342843	0.154522	0.496244
2dntca_b2c3ia2i4i5i2n4nw3y4yq5j4t5n6ac4c6i8s02cek3j4a3r4r5i3qyk4kyt5n4z5r6a5cy6c5e6i7e8	3d4403a2e9f179119ab1d510b0	96	0.019872	0.010131	0.023131
2dntca_b01ce2a3aj4a3r4ri5i3q4nw5a3k5j4tj6a4e5k6k7c4c5e8s02acek3n4a2i3r4r3c4n5a3y4yq5j4t5n4z5rq6a4e5yk6kn7c4c5e6ei7e	1cefed47ef30e2abc2fab59c8f	99	0.553303	0.132449	0.324181
2dntca_b2a3ij4ri5i3cq4nkjz5rq6n4c6i8s2c3nj4a3e2n4n3y4ytj5r6ac5ke8	31445202992e8424e138e10428	99	0.550105	0.150449	0.316781
2dntca_b2c3an4a2i3e4n3yk4kt5n4z5rqy6cn7c4c5e6ei7es1ce3an4a3e4r3q4kyj5n4z5r4e5yk6k4c5e6e7e8	2bfcf170f18f47108305a86a90	99	0.032070	0.019715	0.024837
2dntca_b1e2c3i2e3anj4ri5i2n3q4nw5a3k4k5jnrq6a4e5cy6c5k6kn7c6ei7e8s01e2ace3j4ai2n3c5a3y4yz5r4e6k7c4c5e6ei7e	1ff2bc7cc13d268fd438c5d6f4	99	0.492677	0.152940	0.435944
2dntca_b2a3je4r5i3cq4nwqj5n4z5rq6a4e5c6k4c6ei8s1c3ine4i5i2n3cq4yq5j4tj5r6ani8	3515080e9f1f901ded2c222408	99	0.397978	0.167265	0.150606
2dntca_b3i2e3an4a3r4i5i2n4n3y4kyj5r6a4e5cy6ks1e2a3r4r5i4nytj5n4z5rq6a4e5cyk6k7c4c7e	0822c9dff9148d209ab200cae0	99	0.030803	0.006322	0.011875
2dntca_b3i2e3njre5i3q4nkyj5rqc6c5k6nei7es2ace3a4ar3q5a3y4y5j4j6a4e5cyk6k7c5e6i7e8	2f52d5ea152c8c90c2268d8660	99	0.079449	0.029130	0.029644
2dntca_b01ce2ace3a2k3re4i2n3cqy4y5n6c5k6kn4c6ei7es01ce2c3i2k3nj4a3e4r3c4w3yk4ky5j4j5rq4e5cyk6kni	0715dde195e109487316f371df	99	0.069626	0.014334	0.473812
2dntca_b01c2a3i2k3n4a3re4i2n3cq5a4y5jn4z5rq6a4e5y6c5k6k5e6ei7e8s04ar3c4w3k4yq5j4z5rq4e5cy7c4c5e6ei8	37fa0df5c75f284a7216801b2b	99	0.207178	0.079653	0.483875
2dntca_b2c3i2e3a4a3e4i3q4w3k4ke5cs1ce3ianjrecqyk6ackn7c6ei7e	0c83820e0060061941946a68f0	99	0.317374	0.147365	0.145987
2dntca_b3i2e3aj2i4ri3c4n5a3k4yt5cy6knei7e8s1c2e3njr4ri5i2n3q4nw5a3k4kytz6kn7c4c6i	1733981849c04af6ae996424e0	24	0.016806	0.002270	0.004156
2dntca_b01ce2a3i2k3nj4ai5i3cq5a4yj5nrq6a4e5c6kn7c4c6i8s01c2ae3a2k3nj2i3e4r2n4n3k4kqtjz5y6n4c	1125390c5add882663707cbf2f	99	0.022428	0.005409	0.441937
2dntca_b01e2c3i2e3a2k3n4a2i3re4r2n4w5a3yk4qtjz5q6a4e5c6kn7c6es01ce2c3i2e3aj4a2i5ij4tj5nyk6ki8	2410f90c3c1ad303184fcf7bf5	99	0.431127	0.103320	0.488019
2dntca_b01ce2a3i2ek3nr2n3cq4nw3yk4yq5j4j5n4z5rq6a4e6kn7c4c7es01ce2ac3ian4r3q5a4qt5rq4e5ck4c	022478c58a1fbb91f2022bf36f	99	0.091699	0.039801	0.475113
2dntca_b01ce2a3i2e3a2k3j2i3r4i5i3cyk4k5jnr6a5cyk6kn7c4c6e7e8s01c2a3ia2k3j4a3r4ri5i2n3q4nw5a3yk4yq5j4t5nqcy6ck7c6e7e8	3a96bf992f7527f42eb3dab5ef	99	0.187525	0.115335	0.063325
2dntca_b2a3r4i5i3qk4ky5j4t6ac5k6n7c5e8s2a3ije4nw3yk4y5j4j5n4z5q6a5c6c5k6k7c5e7e	184af6a375706e604132428008	99	0.246873	0.131290	0.094637
2dntca_b2c3ar4ri5i2n3qk4kyq5j4j5n4z5rq6a4e6ckn7c4c5e6es1c2ak4a3e4nw5a3k4kyj5q6a4e5yk6k7c6e	009ef96711dfbee0513a90a090	76	0.019989	0.010789	0.011925
2dntca_b3i2e3re4r5i3c4n3y4kq5j4tj5n4z6a4e5yk6kn7c4c7es1e2ac3iaj2i4ri3c4w3y4qz5q4e5c6n7c4c6i	06273cd54233f548a66e4bc060	99	0.096392	0.029403	0.040569
2dntca_b2c3i2e3nj2i3r4r2n4w3k4kyt5rq4e5cyk6n7c4c5e6e8s1c4a2i5i4n3y4qtjz5rq4e5c6ck5e8	305cb6ddda2c4e21184b802670	99	0.022306	0.000617	0.007131
2dntca_b1ce3i2e3jre4rw3k4qtj5n4z6a4e5c6kni7es01c3aj2i3re2n3k4kyqtjz5q4e5c6c5k6knei	0781dacd5bd3d20501ce483466	99	0.342843	0.154522	0.496244
2dntca_b2c3ia2i4i5i2n4nw3y4yq5j4t5n6ac4c6i8s02cek3j4a3r4r5i3qyk4kyt5n4z5r6a5cy6c5e6i7e8	3d4403a2e9f179119ab1d510b0	96	0.019872	0.010131	0.023131
2dntca_b01ce2a3aj4a3r4ri5i3q4nw5a3k5j4tj6a4e5k6k7c4c5e8s02acek3n4a2i3r4r3c4n5a3y4yq5j4t5n4z5rq6a4e5yk6kn7c4c5e6ei7e	1cefed47ef30e2abc2fab59c8f	99	0.553303	0.132449	0.324181
2dntca_b2a3ij4ri5i3cq4nkjz5rq6n4c6i8s2c3nj4a3e2n4n3y4ytj5r6ac5ke8	31445202992e8424e138e10428	99	0.550105	0.150449	0.316781
2dntca_b2c3an4a2i3e4n3yk4kt5n4z5rqy6cn7c4c5e6ei7es1ce3an4a3e4r3q4kyj5n4z5r4e5yk6k4c5e6e7e8	2bfcf170f18f47108305a86a90	99	0.032070	0.019715	0.024837
2dntca_b1e2c3i2e3anj4ri5i2n3q4nw5a3k4k5jnrq6a4e5cy6c5k6kn7c6ei7e8s01e2ace3j4ai2n3c5a3y4yz5r4e6k7c4c5e6ei7e	1ff2bc7cc13d268fd438c5d6f4	99	0.492677	0.152940	0.435944
2dntca_b2a3je4r5i3cq4nwqj5n4z5rq6a4e5c6k4c6ei8s1c3ine4i5i2n3cq4yq5j4tj5r6ani8	3515080e9f1f901ded2c222408	99	0.397978	0.167265	0.150606
2dntca_b3i2e3an4a3r4i5i2n4n3y4kyj5r6a4e5cy6ks1e2a3r4r5i4nytj5n4z5rq6a4e5cyk6k7c4c7e	0822c9dff9148d209ab200cae0	99	0.030803	0.006322	0.011875
2dntca_b3i2e3njre5i3q4nkyj5rqc6c5k6nei7es2ace3a4ar3q5a3y4y5j4j6a4e5cyk6k7c5e6i7e8	2f52d5ea152c8c90c2268d8660	99	0.079449	0.029130	0.029644
2dntca_b01ce2ace3a2k3re4i2n3cqy4y5n6c5k6kn4c6ei7es01ce2c3i2k3nj4a3e4r3c4w3yk4ky5j4j5rq4e5cyk6kni	0715dde195e109487316f371df	99	0.069626	0.014334	0.473812
2dntca_b01c2a3i2k3n4a3re4i2n3cq5a4y5jn4z5rq6a4e5y6c5k6k5e6ei7e8s04ar3c4w3k4yq5j4z5rq4e5cy7c4c5e6ei8	37fa0df5c75f284a7216801b2b	99	0.207178	0.079653	0.483875
2dntca_b03a2k3e5i2n4nw5a3y5j4tj5n4z5r6a5y6kn5e6i7es01ce2ac3i2e3anj4a2i3r4ri5i2n4nw5a3yk4kq5j4j5r6a5ck6k7c4c5e6i7e8	2f6ad89296f7e1e79ee4eff181	99	0.073525	0.033709	0.040750
2dntca_b1c3nj4a2in4n5a3k4k5j4tjz5q6ack7c4c6ei7e8s01e3ia2k3jr4ri5i2n3q4n5a3k4kq5j4tjz5q6a4e5y7c6e7e8	3b9629635edae6b69e815a5e02	50	0.017785	0.003719	0.003869
2dntca_b2a3ar4wyqtz5q6a5y6ckn7c4c6i7e8s2a3aj4a2i3re5i2n3c4w3k4kj5n4z5rq6a4e5cy6cke	1384bbf3f0da584d09c2c88088	99	0.489047	0.226168	0.243025
2dntca_b01ce2ac3i2e3aj4a2i3re4r2n3c4y5j4j5n4z5rq6a5cy6c5k4cs1ce2a3i2ek3j2i3re4i2n4nkq5jn4e5c6c5k6kn5e	0045c6f8269fa82435cf56ecff	99	0.034331	0.006768	0.462156
2dntca_b1e2ace3a2ki3e4r2n4w3y4yj5rq6a4e5cy6c5k6k5e6ei7e8s1e2a3aj2i3r4i5i2n3q4w3y4tjze5y6k7c	131a8d7c583c89551ccd48c1dc	99	0.104885	0.037635	0.495663
2dntca_b2ce3a2k3nj4a2i3r4i5i3cy4kq5j4t5q6ac5k6kn7c4c5e6ei7e8s1ce3i2e3an2i3e4i5i4n5a3y5j4t5n6a5yk6k7c4c5e6e7e8	3bfefd222c3875a02d732e6fd0	51	0.019549	0.002364	0.003769
2dntca_b3i2e3ar4ri5i4n5a3k5j4t5r6a4e6cn7c6es1ce2cek4a2i3re4ri5i2n3cq4n3yk4y5j4jz5rq6a5c6kn7c6i7e8	2c13b0a7d574623e8ffa9560e0	99	0.627738	0.160107	0.471681
2dntca_b01ce2c3i2k4ai5i3c4wkyqz5q6a5yk7c4c5e6e8s1c2a3i2ek3n4a3re4i5i2n3cq4w5a3k4kyq5jnr7c5e6ei7e	1cde2410a7da1cdd2db0b6a937	99	0.742386	0.101263	0.465487
2dntca_b2c3i2e3a4a3e4i3q4w3k4ke5cs1ce3ianjrecqyk6ackn7c6ei7e	0c83820e0060061941946a68f0	99	0.331417	0.150071	0.152138
2dntca_b3i2e3aj2i4ri3c4n5a3k4yt5cy6knei7e8s1c2e3njr4ri5i2n3q4nw5a3k4kytz6kn7c4c6i	1733981849c04af6ae996424e0	23	0.019702	0.002666	0.003863
2dntca_b01ce2a3i2k3nj4ai5i3cq5a4yj5nrq6a4e5c6kn7c4c6i8s01c2ae3a2k3nj2i3e4r2n4n3k4kqtjz5y6n4c	1125390c5add882663707cbf2f	99	0.023034	0.006208	0.462625
2dntca_b01e2c3i2e3a2k3n4a2i3re4r2n4w5a3yk4qtjz5q6a4e5c6kn7c6es01ce2c3i2e3aj4a2i5ij4tj5nyk6ki8	2410f90c3c1ad303184fcf7bf5	99	0.413862	0.096918	0.490725
2dntca_b01ce2a3i2ek3nr2n3cq4nw3yk4yq5j4j5n4z5rq6a4e6kn7c4c7es01ce2ac3ian4r3q5a4qt5rq4e5ck4c	022478c58a1fbb91f2022bf36f	99	0.077797	0.033926	0.494538
2dntca_b01ce2a3i2e3a2k3j2i3r4i5i3cyk4k5jnr6a5cyk6kn7c4c6e7e8s01c2a3ia2k3j4a3r4ri5i2n3q4nw5a3yk4yq5j4t5nqcy6ck7c6e7e8	3a96bf992f7527f42eb3dab5ef	99	0.181772	0.112792	0.061600
2dntca_b2a3r4i5i3qk4ky5j4t6ac5k6n7c5e8s2a3ije4nw3yk4y5j4j5n4z5q6a5c6c5k6k7c5e7e	184af6a375706e604132428008	99	0.260843	0.140182	0.097544
2dntca_b2c3ar4ri5i2n3qk4kyq5j4j5n4z5rq6a4e6ckn7c4c5e6es1c2ak4a3e4nw5a3k4kyj5q6a4e5yk6k7c6e	009ef96711dfbee0513a90a090	99	0.019999	0.011651	0.012138
2dntca_b3i2e3re4r5i3c4n3y4kq5j4tj5n4z6a4e5yk6kn7c4c7es1e2ac3iaj2i4ri3c4w3y4qz5q4e5c6n7c4c6i	06273cd54233f548a66e4bc060	99	0.101720	0.029713	0.041831
2dntca_b2c3i2e3nj2i3r4r2n4w3k4kyt5rq4e5cyk6n7c4c5e6e8s1c4a2i5i4n3y4qtjz5rq4e5c6ck5e8	305cb6ddda2c4e21184b802670	99	0.024719	0.001663	0.008031
2dntca_b1ce3i2e3jre4rw3k4qtj5n4z6a4e5c6kni7es01c3aj2i3re2n3k4kyqtjz5q4e5c6c5k6knei	0781dacd5bd3d20501ce483466	99	0.340198	0.159303	0.497594
2dntca_b2c3ia2i4i5i2n4nw3y4yq5j4t5n6ac4c6i8s02cek3j4a3r4r5i3qyk4kyt5n4z5r6a5cy6c5e6i7e8	3d4403a2e9f179119ab1d510b0	86	0.019512	0.010809	0.022675
2dntca_b01ce2a3aj4a3r4ri5i3q4nw5a3k5j4tj6a4e5k6k7c4c5e8s02acek3n4a2i3r4r3c4n5a3y4yq5j4t5n4z5rq6a4e5yk6kn7c4c5e6ei7e	1cefed47ef30e2abc2fab59c8f	99	0.552149	0.132933	0.322894
2dntca_b2a3ij4ri5i3cq4nkjz5rq6n4c6i8s2c3nj4a3e2n4n3y4ytj5r6ac5ke8	31445202992e8424e138e10428	99	0.557300	0.150918	0.314806
2dntca_b2c3an4a2i3e4n3yk4kt5n4z5rqy6cn7c4c5e6ei7es1ce3an4a3e4r3q4kyj5n4z5r4e5yk6k4c5e6e7e8	2bfcf170f18f47108305a86a90	99	0.030967	0.018923	0.022825
2dntca_b1e2c3i2e3anj4ri5i2n3q4nw5a3k4k5jnrq6a4e5cy6c5k6kn7c6ei7e8s01e2ace3j4ai2n3c5a3y4yz5r4e6k7c4c5e6ei7e	1ff2bc7cc13d268fd438c5d6f4	99	0.489552	0.147814	0.438987
2dntca_b2a3je4r5i3cq4nwqj5n4z5rq6a4e5c6k4c6ei8s1c3ine4i5i2n3cq4yq5j4tj5r6ani8	3515080e9f1f901ded2c222408	99	0.390521	0.162215	0.148325
2dntca_b3i2e3an4a3r4i5i2n4n3y4kyj5r6a4e5cy6ks1e2a3r4r5i4nytj5n4z5rq6a4e5cyk6k7c4c7e	0822c9dff9148d209ab200cae0	99	0.027751	0.004648	0.010819
2dntca_b3i2e3njre5i3q4nkyj5rqc6c5k6nei7es2ace3a4ar3q5a3y4y5j4j6a4e5cyk6k7c5e6i7e8	2f52d5ea152c8c90c2268d8660	99	0.076039	0.027741	0.029712
2dntca_b2c3i2e3a4a3e4i3q4w3k4ke5cs1ce3ianjrecqyk6ackn7c6ei7e	0c83820e0060061941946a68f0	99	0.317374	0.147365	0.145987
2dntca_b3i2e3aj2i4ri3c4n5a3k4yt5cy6knei7e8s1c2e3njr4ri5i2n3q4nw5a3k4kytz6kn7c4c6i	1733981849c04af6ae996424e0	24	0.016806	0.002270	0.004156
2dntca_b01ce2a3i2k3nj4ai5i3cq5a4yj5nrq6a4e5c6kn7c4c6i8s01c2ae3a2k3nj2i3e4r2n4n3k4kqtjz5y6n4c	1125390c5add882663707cbf2f	99	0.022428	0.005409	0.441937
2dntca_b01e2c3i2e3a2k3n4a2i3re4r2n4w5a3yk4qtjz5q6a4e5c6kn7c6es01ce2c3i2e3aj4a2i5ij4tj5nyk6ki8	2410f90c3c1ad303184fcf7bf5	99	0.431127	0.103320	0.488019
2dntca_b01ce2a3i2ek3nr2n3cq4nw3yk4yq5j4j5n4z5rq6a4e6kn7c4c7es01ce2ac3ian4r3q5a4qt5rq4e5ck4c	022478c58a1fbb91f2022bf36f	99	0.091699	0.039801	0.475113
2dntca_b01ce2a3i2e3a2k3j2i3r4i5i3cyk4k5jnr6a5cyk6kn7c4c6e7e8s01c2a3ia2k3j4a3r4ri5i2n3q4nw5a3yk4yq5j4t5nqcy6ck7c6e7e8	3a96bf992f7527f42eb3dab5ef	99	0.187525	0.115335	0.063325
2dntca_b2a3r4i5i3qk4ky5j4t6ac5k6n7c5e8s2a3ije4nw3yk4y5j4j5n4z5q6a5c6c5k6k7c5e7e	184af6a375706e604132428008	99	0.246873	0.131290	0.094637
2dntca_b2c3ar4ri5i2n3qk4kyq5j4j5n4z5rq6a4e6ckn7c4c5e6es1c2ak4a3e4nw5a3k4kyj5q6a4e5yk6k7c6e	009ef96711dfbee0513a90a090	76	0.019989	0.010789	0.011925
2dntca_b3i2e3re4r5i3c4n3y4kq5j4tj5n4z6a4e5yk6kn7c4c7es1e2ac3iaj2i4ri3c4w3y4qz5q4e5c6n7c4c6i	06273cd54233f548a66e4bc060	99	0.096392	0.029403	0.040569
2dntca_b2c3i2e3nj2i3r4r2n4w3k4kyt5rq4e5cyk6n7c4c5e6e8s1c4a2i5i4n3y4qtjz5rq4e5c6ck5e8	305cb6ddda2c4e21184b802670	99	0.022306	0.000617	0.007131
2dntca_b1ce3i2e3jre4rw3k4qtj5n4z6a4e5c6kni7es01c3aj2i3re2n3k4kyqtjz5q4e5c6c5k6knei	0781dacd5bd3d20501ce483466	99	0.342843	0.154522	0.496244
2dntca_b2c3ia2i4i5i2n4nw3y4yq5j4t5n6ac4c6i8s02cek3j4a3r4r5i3qyk4kyt5n4z5r6a5cy6c5e6i7e8	3d4403a2e9f179119ab1d510b0	96	0.019872	0.010131	0.023131
2dntca_b01ce2a3aj4a3r4ri5i3q4nw5a3k5j4tj6a4e5k6k7c4c5e8s02acek3n4a2i3r4r3c4n5a3y4yq5j4t5n4z5rq6a4e5yk6kn7c4c5e6ei7e	1cefed47ef30e2abc2fab59c8f	99	0.553303	0.132449	0.324181
2dntca_b2a3ij4ri5i3cq4nkjz5rq6n4c6i8s2c3nj4a3e2n4n3y4ytj5r6ac5ke8	31445202992e8424e138e10428	99	0.550105	0.150449	0.316781
2dntca_b2c3an4a2i3e4n3yk4kt5n4z5rqy6cn7c4c5e6ei7es1ce3an4a3e4r3q4kyj5n4z5r4e5yk6k4c5e6e7e8	2bfcf170f18f47108305a86a90	99	0.032070	0.019715	0.024837
2dntca_b1e2c3i2e3anj4ri5i2n3q4nw5a3k4k5jnrq6a4e5cy6c5k6kn7c6ei7e8s01e2ace3j4ai2n3c5a3y4yz5r4e6k7c4c5e6ei7e	1ff2bc7cc13d268fd438c5d6f4	99	0.489058	0.150210	0.438006
2dntca_b2a3je4r5i3cq4nwqj5n4z5rq6a4e5c6k4c6ei8s1c3ine4i5i2n3cq4yq5j4tj5r6ani8	3515080e9f1f901ded2c222408	99	0.397471	0.166582	0.151256
2dntca_b3i2e3an4a3r4i5i2n4n3y4kyj5r6a4e5cy6ks1e2a3r4r5i4nytj5n4z5rq6a4e5cyk6k7c4c7e	0822c9dff9148d209ab200cae0	99	0.030803	0.006322	0.011875
2dntca_b3i2e3njre5i3q4nkyj5rqc6c5k6nei7es2ace3a4ar3q5a3y4y5j4j6a4e5cyk6k7c5e6i7e8	2f52d5ea152c8c90c2268d8660	99	0.079449	0.029130	0.029644
2dntca_b01ce2ace3a2k3re4i2n3cqy4y5n6c5k6kn4c6ei7es01ce2c3i2k3nj4a3e4r3c4w3yk4ky5j4j5rq4e5cyk6kni	0715dde195e109487316f371df	99	0.069626	0.014334	0.473812
2dntca_b01c2a3i2k3n4a3re4i2n3cq5a4y5jn4z5rq6a4e5y6c5k6k5e6ei7e8s04ar3c4w3k4yq5j4z5rq4e5cy7c4c5e6ei8	37fa0df5c75f284a7216801b2b	99	0.207178	0.079653	0.483875
2dntca_b03a2k3e5i2n4nw5a3y5j4tj5n4z5r6a5y6kn5e6i7es01ce2ac3i2e3anj4a2i3r4ri5i2n4nw5a3yk4kq5j4j5r6a5ck6k7c4c5e6i7e8	2f6ad89296f7e1e79ee4eff181	99	0.073525	0.033709	0.040750
2dntca_b1c3nj4a2in4n5a3k4k5j4tjz5q6ack7c4c6ei7e8s01e3ia2k3jr4ri5i2n3q4n5a3k4kq5j4tjz5q6a4e5y7c6e7e8	3b9629635edae6b69e815a5e02	50	0.017785	0.003719	0.003869
2dntca_b2a3ar4wyqtz5q6a5y6ckn7c4c6i7e8s2a3aj4a2i3re5i2n3c4w3k4kj5n4z5rq6a4e5cy6cke	1384bbf3f0da584d09c2c88088	99	0.486973	0.222220	0.242281
2dntca_b01ce2ac3i2e3aj4a2i3re4r2n3c4y5j4j5n4z5rq6a5cy6c5k4cs1ce2a3i2ek3j2i3re4i2n4nkq5jn4e5c6c5k6kn5e	0045c6f8269fa82435cf56ecff	99	0.034331	0.006768	0.462156
2dntca_b1e2ace3a2ki3e4r2n4w3y4yj5rq6a4e5cy6c5k6k5e6ei7e8s1e2a3aj2i3r4i5i2n3q4w3y4tjze5y6k7c	131a8d7c583c89551ccd48c1dc	99	0.105674	0.037841	0.495331
2dntca_b2ce3a2k3nj4a2i3r4i5i3cy4kq5j4t5q6ac5k6kn7c4c5e6ei7e8s1ce3i2e3an2i3e4i5i4n5a3y5j4t5n6a5yk6k7c4c5e6e7e8	3bfefd222c3875a02d732e6fd0	51	0.019549	0.002364	0.003769
2dntca_b3i2e3ar4ri5i4n5a3k5j4t5r6a4e6cn7c6es1ce2cek4a2i3re4ri5i2n3cq4n3yk4y5j4jz5rq6a5c6kn7c6i7e8	2c13b0a7d574623e8ffa9560e0	99	0.627738	0.160107	0.471681
2dntca_b01ce2c3i2k4ai5i3c4wkyqz5q6a5yk7c4c5e6e8s1c2a3i2ek3n4a3re4i5i2n3cq4w5a3k4kyq5jnr7c5e6ei7e	1cde2410a7da1cdd2db0b6a937	99	0.742386	0.101263	0.465487
2dntca_b2c3i2e3a4a3e4i3q4w3k4ke5cs1ce3ianjrecqyk6ackn7c6ei7e	0c83820e0060061941946a68f0	99	0.331417	0.150071	0.152138
2dntca_b3i2e3aj2i4ri3c4n5a3k4yt5cy6knei7e8s1c2e3njr4ri5i2n3q4nw5a3k4kytz6kn7c4c6i	1733981849c04af6ae996424e0	24	0.016009	0.002222	0.003706
2dntca_b01ce2a3i2k3nj4ai5i3cq5a4yj5nrq6a4e5c6kn7c4c6i8s01c2ae3a2k3nj2i3e4r2n4n3k4kqtjz5y6n4c	1125390c5add882663707cbf2f	99	0.023034	0.006208	0.462625
2dntca_b01e2c3i2e3a2k3n4a2i3re4r2n4w5a3yk4qtjz5q6a4e5c6kn7c6es01ce2c3i2e3aj4a2i5ij4tj5nyk6ki8	2410f90c3c1ad303184fcf7bf5	99	0.413862	0.096918	0.490725
2dntca_b01ce2a3i2ek3nr2n3cq4nw3yk4yq5j4j5n4z5rq6a4e6kn7c4c7es01ce2ac3ian4r3q5a4qt5rq4e5ck4c	022478c58a1fbb91f2022bf36f	99	0.077797	0.033926	0.494538
2dntca_b01ce2a3i2e3a2k3j2i3r4i5i3cyk4k5jnr6a5cyk6kn7c4c6e7e8s01c2a3ia2k3j4a3r4ri5i2n3q4nw5a3yk4yq5j4t5nqcy6ck7c6e7e8	3a96bf992f7527f42eb3dab5ef	99	0.184022	0.114654	0.061869
2dntca_b2a3r4i5i3qk4ky5j4t6ac5k6n7c5e8s2a3ije4nw3yk4y5j4j5n4z5q6a5c6c5k6k7c5e7e	184af6a375706e604132428008	99	0.260843	0.140182	0.097544
2dntca_b2c3ar4ri5i2n3qk4kyq5j4j5n4z5rq6a4e6ckn7c4c5e6es1c2ak4a3e4nw5a3k4kyj5q6a4e5yk6k7c6e	009ef96711dfbee0513a90a090	99	0.019999	0.011651	0.012138
2dntca_b3i2e3re4r5i3c4n3y4kq5j4tj5n4z6a4e5yk6kn7c4c7es1e2ac3iaj2i4ri3c4w3y4qz5q4e5c6n7c4c6i	06273cd54233f548a66e4bc060	99	0.101720	0.029713	0.041831
2dntca_b2c3i2e3nj2i3r4r2n4w3k4kyt5rq4e5cyk6n7c4c5e6e8s1c4a2i5i4n3y4qtjz5rq4e5c6ck5e8	305cb6ddda2c4e21184b802670	99	0.024895	0.000642	0.008200
2dntca_b1ce3i2e3jre4rw3k4qtj5n4z6a4e5c6kni7es01c3aj2i3re2n3k4kyqtjz5q4e5c6c5k6knei	0781dacd5bd3d20501ce483466	99	0.340888	0.155432	0.496856
2dntca_b2c3ia2i4i5i2n4nw3y4yq5j4t5n6ac4c6i8s02cek3j4a3r4r5i3qyk4kyt5n4z5r6a5cy6c5e6i7e8	3d4403a2e9f179119ab1d510b0	96	0.019861	0.010900	0.023456
2dntca_b01ce2a3aj4a3r4ri5i3q4nw5a3k5j4tj6a4e5k6k7c4c5e8s02acek3n4a2i3r4r3c4n5a3y4yq5j4t5n4z5rq6a4e5yk6kn7c4c5e6ei7e	1cefed47ef30e2abc2fab59c8f	99	0.552149	0.132933	0.322894
2dntca_b2a3ij4ri5i3cq4nkjz5rq6n4c6i8s2c3nj4a3e2n4n3y4ytj5r6ac5ke8	31445202992e8424e138e10428	99	0.557300	0.150918	0.314806
2dntca_b2c3an4a2i3e4n3yk4kt5n4z5rqy6cn7c4c5e6ei7es1ce3an4a3e4r3q4kyj5n4z5r4e5yk6k4c5e6e7e8	2bfcf170f18f47108305a86a90	99	0.035903	0.021527	0.025625
2dntca_b1e2c3i2e3anj4ri5i2n3q4nw5a3k4k5jnrq6a4e5cy6c5k6kn7c6ei7e8s01e2ace3j4ai2n3c5a3y4yz5r4e6k7c4c5e6ei7e	1ff2bc7cc13d268fd438c5d6f4	99	0.489552	0.147814	0.438987
2dntca_b2a3je4r5i3cq4nwqj5n4z5rq6a4e5c6k4c6ei8s1c3ine4i5i2n3cq4yq5j4tj5r6ani8	3515080e9f1f901ded2c222408	99	0.396586	0.167843	0.150800
2dntca_b3i2e3an4a3r4i5i2n4n3y4kyj5r6a4e5cy6ks1e2a3r4r5i4nytj5n4z5rq6a4e5cyk6k7c4c7e	0822c9dff9148d209ab200cae0	99	0.027751	0.004648	0.010819
2dntca_b3i2e3njre5i3q4nkyj5rqc6c5k6nei7es2ace3a4ar3q5a3y4y5j4j6a4e5cyk6k7c5e6i7e8	2f52d5ea152c8c90c2268d8660	99	0.076039	0.027741	0.029712
2dntca_b01ce2ace3a2k3re4i2n3cqy4y5n6c5k6kn4c6ei7es01ce2c3i2k3nj4a3e4r3c4w3yk4ky5j4j5rq4e5cyk6kni	0715dde195e109487316f371df	99	0.067197	0.013537	0.456419
2dntca_b01c2a3i2k3n4a3re4i2n3cq5a4y5jn4z5rq6a4e5y6c5k6k5e6ei7e8s04ar3c4w3k4yq5j4z5rq4e5cy7c4c5e6ei8	37fa0df5c75f284a7216801b2b	99	0.207409	0.080988	0.485181
2dntca_b03a2k3e5i2n4nw5a3y5j4tj5n4z5r6a5y6kn5e6i7es01ce2ac3i2e3anj4a2i3r4ri5i2n4nw5a3yk4kq5j4j5r6a5ck6k7c4c5e6i7e8	2f6ad89296f7e1e79ee4eff181	99	0.071319	0.031145	0.039763
2dntca_b1c3nj4a2in4n5a3k4k5j4tjz5q6ack7c4c6ei7e8s01e3ia2k3jr4ri5i2n3q4n5a3k4kq5j4tjz5q6a4e5y7c6e7e8	3b9629635edae6b69e815a5e02	48	0.017309	0.002338	0.003563
2dntca_b2a3ar4wyqtz5q6a5y6ckn7c4c6i7e8s2a3aj4a2i3re5i2n3c4w3k4kj5n4z5rq6a4e5cy6cke	1384bbf3f0da584d09c2c88088	99	0.489849	0.220826	0.244075
2dntca_b01ce2ac3i2e3aj4a2i3re4r2n3c4y5j4j5n4z5rq6a5cy6c5k4cs1ce2a3i2ek3j2i3re4i2n4nkq5jn4e5c6c5k6kn5e	0045c6f8269fa82435cf56ecff	99	0.037051	0.009072	0.473956
2dntca_b1e2ace3a2ki3e4r2n4w3y4yj5rq6a4e5cy6c5k6k5e6ei7e8s1e2a3aj2i3r4i5i2n3q4w3y4tjze5y6k7c	131a8d7c583c89551ccd48c1dc	99	0.097842	0.035175	0.494869
2dntca_b2ce3a2k3nj4a2i3r4i5i3cy4kq5j4t5q6ac5k6kn7c4c5e6ei7e8s1ce3i2e3an2i3e4i5i4n5a3y5j4t5n6a5yk6k7c4c5e6e7e8	3bfefd222c3875a02d732e6fd0	51	0.019023	0.002904	0.004212
2dntca_b3i2e3ar4ri5i4n5a3k5j4t5r6a4e6cn7c6es1ce2cek4a2i3re4ri5i2n3cq4n3yk4y5j4jz5rq6a5c6kn7c6i7e8	2c13b0a7d574623e8ffa9560e0	99	0.630719	0.160669	0.464694
2dntca_b01ce2c3i2k4ai5i3c4wkyqz5q6a5yk7c4c5e6e8s1c2a3i2ek3n4a3re4i5i2n3cq4w5a3k4kyq5jnr7c5e6ei7e	1cde2410a7da1cdd2db0b6a937	99	0.741367	0.101236	0.468150
2dntca_b2c3i2e3a4a3e4i3q4w3k4ke5cs1ce3ianjrecqyk6ackn7c6ei7e	0c83820e0060061941946a68f0	99	0.313539	0.143721	0.145225
2dntca_b3i2e3aj2i4ri3c4n5a3k4yt5cy6knei7e8s1c2e3njr4ri5i2n3q4nw5a3k4kytz6kn7c4c6i	1733981849c04af6ae996424e0	24	0.018886	0.003192	0.004900
2dntca_b01ce2a3i2k3nj4ai5i3cq5a4yj5nrq6a4e5c6kn7c4c6i8s01c2ae3a2k3nj2i3e4r2n4n3k4kqtjz5y6n4c	1125390c5add882663707cbf2f	99	0.024431	0.006170	0.480931
2dntca_b01e2c3i2e3a2k3n4a2i3re4r2n4w5a3yk4qtjz5q6a4e5c6kn7c6es01ce2c3i2e3aj4a2i5ij4tj5nyk6ki8	2410f90c3c1ad303184fcf7bf5	99	0.419318	0.101924	0.485931
2dntca_b01ce2a3i2ek3nr2n3cq4nw3yk4yq5j4j5n4z5rq6a4e6kn7c4c7es01ce2ac3ian4r3q5a4qt5rq4e5ck4c	022478c58a1fbb91f2022bf36f	99	0.079242	0.034801	0.468956
2dntca_b01ce2a3i2e3a2k3j2i3r4i5i3cyk4k5jnr6a5cyk6kn7c4c6e7e8s01c2a3ia2k3j4a3r4ri5i2n3q4nw5a3yk4yq5j4t5nqcy6ck7c6e7e8	3a96bf992f7527f42eb3dab5ef	99	0.182880	0.113122	0.060438
2dntca_b2a3r4i5i3qk4ky5j4t6ac5k6n7c5e8s2a3ije4nw3yk4y5j4j5n4z5q6a5c6c5k6k7c5e7e	184af6a375706e604132428008	99	0.251167	0.139346	0.093175
2dntca_b2c3ar4ri5i2n3qk4kyq5j4j5n4z5rq6a4e6ckn7c4c5e6es1c2ak4a3e4nw5a3k4kyj5q6a4e5yk6k7c6e	009ef96711dfbee0513a90a090	99	0.021074	0.010875	0.012863
2dntca_b3i2e3re4r5i3c4n3y4kq5j4tj5n4z6a4e5yk6kn7c4c7es1e2ac3iaj2i4ri3c4w3y4qz5q4e5c6n7c4c6i	06273cd54233f548a66e4bc060	99	0.099440	0.030763	0.041962
2dntca_b2c3i2e3nj2i3r4r2n4w3k4kyt5rq4e5cyk6n7c4c5e6e8s1c4a2i5i4n3y4qtjz5rq4e5c6ck5e8	305cb6ddda2c4e21184b802670	99	0.024800	0.000891	0.008106
2dntca_b1ce3i2e3jre4rw3k4qtj5n4z6a4e5c6kni7es01c3aj2i3re2n3k4kyqtjz5q4e5c6c5k6knei	0781dacd5bd3d20501ce483466	99	0.339667	0.160188	0.497638
2dntca_b2c3ia2i4i5i2n4nw3y4yq5j4t5n6ac4c6i8s02cek3j4a3r4r5i3qyk4kyt5n4z5r6a5cy6c5e6i7e8	3d4403a2e9f179119ab1d510b0	85	0.019674	0.010572	0.023862
2dntca_b01ce2a3aj4a3r4ri5i3q4nw5a3k5j4tj6a4e5k6k7c4c5e8s02acek3n4a2i3r4r3c4n5a3y4yq5j4t5n4z5rq6a4e5yk6kn7c4c5e6ei7e	1cefed47ef30e2abc2fab59c8f	99	0.552964	0.133073	0.323975
2dntca_b2a3ij4ri5i3cq4nkjz5rq6n4c6i8s2c3nj4a3e2n4n3y4ytj5r6ac5ke8	31445202992e8424e138e10428	99	0.554828	0.148457	0.316794
2dntca_b2c3an4a2i3e4n3yk4kt5n4z5rqy6cn7c4c5e6ei7es1ce3an4a3e4r3q4kyj5n4z5r4e5yk6k4c5e6e7e8	2bfcf170f18f47108305a86a90	99	0.040908	0.025302	0.026662
2dntca_b1e2c3i2e3anj4ri5i2n3q4nw5a3k4k5jnrq6a4e5cy6c5k6kn7c6ei7e8s01e2ace3j4ai2n3c5a3y4yz5r4e6k7c4c5e6ei7e	1ff2bc7cc13d268fd438c5d6f4	99	0.492430	0.144849	0.437425
2dntca_b2a3je4r5i3cq4nwqj5n4z5rq6a4e5c6k4c6ei8s1c3ine4i5i2n3cq4yq5j4tj5r6ani8	3515080e9f1f901ded2c222408	99	0.396394	0.170169	0.150394
2dntca_b3i2e3an4a3r4i5i2n4n3y4kyj5r6a4e5cy6ks1e2a3r4r5i4nytj5n4z5rq6a4e5cyk6k7c4c7e	0822c9dff9148d209ab200cae0	99	0.027463	0.003720	0.010394
2dntca_b3i2e3njre5i3q4nkyj5rqc6c5k6nei7es2ace3a4ar3q5a3y4y5j4j6a4e5cyk6k7c5e6i7e8	2f52d5ea152c8c90c2268d8660	99	0.078769	0.027315	0.030056
2dntca_b01ce2ace3a2k3re4i2n3cqy4y5n6c5k6kn4c6ei7es01ce2c3i2k3nj4a3e4r3c4w3yk4ky5j4j5rq4e5cyk6kni	0715dde195e109487316f371df	99	0.078831	0.016115	0.465025
2dntca_b01c2a3i2k3n4a3re4i2n3cq5a4y5jn4z5rq6a4e5y6c5k6k5e6ei7e8s04ar3c4w3k4yq5j4z5rq4e5cy7c4c5e6ei8	37fa0df5c75f284a7216801b2b	99	0.196805	0.076837	0.483137
2dntca_b03a2k3e5i2n4nw5a3y5j4tj5n4z5r6a5y6kn5e6i7es01ce2ac3i2e3anj4a2i3r4ri5i2n4nw5a3yk4kq5j4j5r6a5ck6k7c4c5e6i7e8	2f6ad89296f7e1e79ee4eff181	99	0.075502	0.033265	0.041444
2dntca_b1c3nj4a2in4n5a3k4k5j4tjz5q6ack7c4c6ei7e8s01e3ia2k3jr4ri5i2n3q4n5a3k4kq5j4tjz5q6a4e5y7c6e7e8	3b9629635edae6b69e815a5e02	51	0.017729	0.002998	0.004231
2dntca_b2a3ar4wyqtz5q6a5y6ckn7c4c6i7e8s2a3aj4a2i3re5i2n3c4w3k4kj5n4z5rq6a4e5cy6cke	1384bbf3f0da584d09c2c88088	99	0.477466	0.218813	0.236613
2dntca_b01ce2ac3i2e3aj4a2i3re4r2n3c4y5j4j5n4z5rq6a5cy6c5k4cs1ce2a3i2ek3j2i3re4i2n4nkq5jn4e5c6c5k6kn5e	0045c6f8269fa82435cf56ecff	99	0.037390	0.008935	0.419362
2dntca_b1e2ace3a2ki3e4r2n4w3y4yj5rq6a4e5cy6c5k6k5e6ei7e8s1e2a3aj2i3r4i5i2n3q4w3y4tjze5y6k7c	131a8d7c583c89551ccd48c1dc	99	0.105962	0.039221	0.495400
2dntca_b2ce3a2k3nj4a2i3r4i5i3cy4kq5j4t5q6ac5k6kn7c4c5e6ei7e8s1ce3i2e3an2i3e4i5i4n5a3y5j4t5n6a5yk6k7c4c5e6e7e8	3bfefd222c3875a02d732e6fd0	52	0.018314	0.002588	0.003944
2dntca_b3i2e3ar4ri5i4n5a3k5j4t5r6a4e6cn7c6es1ce2cek4a2i3re4ri5i2n3cq4n3yk4y5j4jz5rq6a5c6kn7c6i7e8	2c13b0a7d574623e8ffa9560e0	99	0.630780	0.159997	0.464694
2dntca_b01ce2c3i2k4ai5i3c4wkyqz5q6a5yk7c4c5e6e8s1c2a3i2ek3n4a3re4i5i2n3cq4w5a3k4kyq5jnr7c5e6ei7e	1cde2410a7da1cdd2db0b6a937	99	0.742363	0.101828	0.464894
2dntca_b2c3i2e3a4a3e4i3q4w3k4ke5cs1ce3ianjrecqyk6ackn7c6ei7e	0c83820e0060061941946a68f0	99	0.330569	0.147558	0.151231
2dntca_b3i2e3aj2i4ri3c4n5a3k4yt5cy6knei7e8s1c2e3njr4ri5i2n3q4nw5a3k4kytz6kn7c4c6i	1733981849c04af6ae996424e0	24	0.019150	0.002915	0.004531
2dntca_b01ce2a3i2k3nj4ai5i3cq5a4yj5nrq6a4e5c6kn7c4c6i8s01c2ae3a2k3nj2i3e4r2n4n3k4kqtjz5y6n4c	1125390c5add882663707cbf2f	99	0.025354	0.006374	0.497413
2dntca_b01e2c3i2e3a2k3n4a2i3re4r2n4w5a3yk4qtjz5q6a4e5c6kn7c6es01ce2c3i2e3aj4a2i5ij4tj5nyk6ki8	2410f90c3c1ad303184fcf7bf5	99	0.402296	0.092457	0.489275
2dntca_b01ce2a3i2ek3nr2n3cq4nw3yk4yq5j4j5n4z5rq6a4e6kn7c4c7es01ce2ac3ian4r3q5a4qt5rq4e5ck4c	022478c58a1fbb91f2022bf36f	99	0.089086	0.038891	0.499481
2dntca_b01ce2a3i2e3a2k3j2i3r4i5i3cyk4k5jnr6a5cyk6kn7c4c6e7e8s01c2a3ia2k3j4a3r4ri5i2n3q4nw5a3yk4yq5j4t5nqcy6ck7c6e7e8	3a96bf992f7527f42eb3dab5ef	99	0.187473	0.116084	0.060712
2dntca_b2a3r4i5i3qk4ky5j4t6ac5k6n7c5e8s2a3ije4nw3yk4y5j4j5n4z5q6a5c6c5k6k7c5e7e	184af6a375706e604132428008	99	0.260001	0.139975	0.097656
2dntca_b2c3ar4ri5i2n3qk4kyq5j4j5n4z5rq6a4e6ckn7c4c5e6es1c2ak4a3e4nw5a3k4kyj5q6a4e5yk6k7c6e	009ef96711dfbee0513a90a090	80	0.019939	0.010009	0.011750
2dntca_b3i2e3re4r5i3c4n3y4kq5j4tj5n4z6a4e5yk6kn7c4c7es1e2ac3iaj2i4ri3c4w3y4qz5q4e5c6n7c4c6i	06273cd54233f548a66e4bc060	99	0.100594	0.029987	0.040619
2dntca_b2c3i2e3nj2i3r4r2n4w3k4kyt5rq4e5cyk6n7c4c5e6e8s1c4a2i5i4n3y4qtjz5rq4e5c6ck5e8	305cb6ddda2c4e21184b802670	99	0.022949	0.000561	0.007319
2dntca_b1ce3i2e3jre4rw3k4qtj5n4z6a4e5c6kni7es01c3aj2i3re2n3k4kyqtjz5q4e5c6c5k6knei	0781dacd5bd3d20501ce483466	99	0.331100	0.148858	0.497369
2dntca_b2c3ia2i4i5i2n4nw3y4yq5j4t5n6ac4c6i8s02cek3j4a3r4r5i3qyk4kyt5n4z5r6a5cy6c5e6i7e8	3d4403a2e9f179119ab1d510b0	89	0.019831	0.010893	0.023944
2dntca_b01ce2a3aj4a3r4ri5i3q4nw5a3k5j4tj6a4e5k6k7c4c5e8s02acek3n4a2i3r4r3c4n5a3y4yq5j4t5n4z5rq6a4e5yk6kn7c4c5e6ei7e	1cefed47ef30e2abc2fab59c8f	99	0.551449	0.131147	0.323625
2dntca_b2a3ij4ri5i3cq4nkjz5rq6n4c6i8s2c3nj4a3e2n4n3y4ytj5r6ac5ke8	31445202992e8424e138e10428	99	0.560981	0.151518	0.313494
2dntca_b2c3an4a2i3e4n3yk4kt5n4z5rqy6cn7c4c5e6ei7es1ce3an4a3e4r3q4kyj5n4z5r4e5yk6k4c5e6e7e8	2bfcf170f18f47108305a86a90	99	0.035605	0.021268	0.025056
2dntca_b1e2c3i2e3anj4ri5i2n3q4nw5a3k4k5jnrq6a4e5cy6c5k6kn7c6ei7e8s01e2ace3j4ai2n3c5a3y4yz5r4e6k7c4c5e6ei7e	1ff2bc7cc13d268fd438c5d6f4	99	0.505199	0.151628	0.435931
2dntca_b2a3je4r5i3cq4nwqj5n4z5rq6a4e5c6k4c6ei8s1c3ine4i5i2n3cq4yq5j4tj5r6ani8	3515080e9f1f901ded2c222408	99	0.393384	0.166034	0.149806
2dntca_b3i2e3an4a3r4i5i2n4n3y4kyj5r6a4e5cy6ks1e2a3r4r5i4nytj5n4z5rq6a4e5cyk6k7c4c7e	0822c9dff9148d209ab200cae0	99	0.024788	0.004238	0.010188
2dntca_b3i2e3njre5i3q4nkyj5rqc6c5k6nei7es2ace3a4ar3q5a3y4y5j4j6a4e5cyk6k7c5e6i7e8	2f52d5ea152c8c90c2268d8660	99	0.081670	0.029248	0.029931
2dntca_b01ce2ace3a2k3re4i2n3cqy4y5n6c5k6kn4c6ei7es01ce2c3i2k3nj4a3e4r3c4w3yk4ky5j4j5rq4e5cyk6kni	0715dde195e109487316f371df	99	0.073384	0.015004	0.470200
2dntca_b01c2a3i2k3n4a3re4i2n3cq5a4y5jn4z5rq6a4e5y6c5k6k5e6ei7e8s04ar3c4w3k4yq5j4z5rq4e5cy7c4c5e6ei8	37fa0df5c75f284a7216801b2b	99	0.216620	0.087894	0.487812
2dntca_b03a2k3e5i2n4nw5a3y5j4tj5n4z5r6a5y6kn5e6i7es01ce2ac3i2e3anj4a2i3r4ri5i2n4nw5a3yk4kq5j4j5r6a5ck6k7c4c5e6i7e8	2f6ad89296f7e1e79ee4eff181	99	0.075566	0.035980	0.040069
2dntca_b1c3nj4a2in4n5a3k4k5j4tjz5q6ack7c4c6ei7e8s01e3ia2k3jr4ri5i2n3q4n5a3k4kq5j4tjz5q6a4e5y7c6e7e8	3b9629635edae6b69e815a5e02	49	0.018776	0.003189	0.003550
2dntca_b2a3ar4wyqtz5q6a5y6ckn7c4c6i7e8s2a3aj4a2i3re5i2n3c4w3k4kj5n4z5rq6a4e5cy6cke	1384bbf3f0da584d09c2c88088	99	0.489030	0.223960	0.243938
2dntca_b01ce2ac3i2e3aj4a2i3re4r2n3c4y5j4j5n4z5rq6a5cy6c5k4cs1ce2a3i2ek3j2i3re4i2n4nkq5jn4e5c6c5k6kn5e	0045c6f8269fa82435cf56ecff	99	0.031105	0.006418	0.429288
2dntca_b1e2ace3a2ki3e4r2n4w3y4yj5rq6a4e5cy6c5k6k5e6ei7e8s1e2a3aj2i3r4i5i2n3q4w3y4tjze5y6k7c	131a8d7c583c89551ccd48c1dc	99	0.099471	0.035094	0.495719
2dntca_b2ce3a2k3nj4a2i3r4i5i3cy4kq5j4t5q6ac5k6kn7c4c5e6ei7e8s1ce3i2e3an2i3e4i5i4n5a3y5j4t5n6a5yk6k7c4c5e6e7e8	3bfefd222c3875a02d732e6fd0	51	0.018143	0.002862	0.003469
2dntca_b3i2e3ar4ri5i4n5a3k5j4t5r6a4e6cn7c6es1ce2cek4a2i3re4ri5i2n3cq4n3yk4y5j4jz5rq6a5c6kn7c6i7e8	2c13b0a7d574623e8ffa9560e0	99	0.630842	0.162053	0.464231
2dntca_b01ce2c3i2k4ai5i3c4wkyqz5q6a5yk7c4c5e6e8s1c2a3i2ek3n4a3re4i5i2n3cq4w5a3k4kyq5jnr7c5e6ei7e	1cde2410a7da1cdd2db0b6a937	99	0.744315	0.100381	0.468419
2dntca_b2c3i2e3a4a3e4i3q4w3k4ke5cs1ce3ianjrecqyk6ackn7c6ei7e	0c83820e0060061941946a68f0	99	0.315559	0.145124	0.145169
2dntca_b3i2e3aj2i4ri3c4n5a3k4yt5cy6knei7e8s1c2e3njr4ri5i2n3q4nw5a3k4kytz6kn7c4c6i	1733981849c04af6ae996424e0	24	0.016754	0.002166	0.004281
2dntca_b01ce2a3i2k3nj4ai5i3cq5a4yj5nrq6a4e5c6kn7c4c6i8s01c2ae3a2k3nj2i3e4r2n4n3k4kqtjz5y6n4c	1125390c5add882663707cbf2f	99	0.023332	0.005308	0.461494
2dntca_b01e2c3i2e3a2k3n4a2i3re4r2n4w5a3yk4qtjz5q6a4e5c6kn7c6es01ce2c3i2e3aj4a2i5ij4tj5nyk6ki8	2410f90c3c1ad303184fcf7bf5	99	0.420944	0.102432	0.485681
2dntca_b01ce2a3i2ek3nr2n3cq4nw3yk4yq5j4j5n4z5rq6a4e6kn7c4c7es01ce2ac3ian4r3q5a4qt5rq4e5ck4c	022478c58a1fbb91f2022bf36f	99	0.083093	0.035950	0.483725
2dntca_b01ce2a3i2e3a2k3j2i3r4i5i3cyk4k5jnr6a5cyk6kn7c4c6e7e8s01c2a3ia2k3j4a3r4ri5i2n3q4nw5a3yk4yq5j4t5nqcy6ck7c6e7e8	3a96bf992f7527f42eb3dab5ef	99	0.186630	0.115540	0.062125
2dntca_b2a3r4i5i3qk4ky5j4t6ac5k6n7c5e8s2a3ije4nw3yk4y5j4j5n4z5q6a5c6c5k6k7c5e7e	184af6a375706e604132428008	99	0.257595	0.134880	0.096162
2dntca_b2c3ar4ri5i2n3qk4kyq5j4j5n4z5rq6a4e6ckn7c4c5e6es1c2ak4a3e4nw5a3k4kyj5q6a4e5yk6k7c6e	009ef96711dfbee0513a90a090	99	0.020189	0.010819	0.012663
2dntca_b3i2e3re4r5i3c4n3y4kq5j4tj5n4z6a4e5yk6kn7c4c7es1e2ac3iaj2i4ri3c4w3y4qz5q4e5c6n7c4c6i	06273cd54233f548a66e4bc060	99	0.108665	0.037021	0.045613
2dntca_b2c3i2e3nj2i3r4r2n4w3k4kyt5rq4e5cyk6n7c4c5e6e8s1c4a2i5i4n3y4qtjz5rq4e5c6ck5e8	305cb6ddda2c4e21184b802670	99	0.023684	0.001213	0.007781
2dntca_b1ce3i2e3jre4rw3k4qtj5n4z6a4e5c6kni7es01c3aj2i3re2n3k4kyqtjz5q4e5c6c5k6knei	0781dacd5bd3d20501ce483466	99	0.323573	0.154290	0.496894
2dntca_b2c3ia2i4i5i2n4nw3y4yq5j4t5n6ac4c6i8s02cek3j4a3r4r5i3qyk4kyt5n4z5r6a5cy6c5e6i7e8	3d4403a2e9f179119ab1d510b0	99	0.019800	0.010933	0.022881
2dntca_b01ce2a3aj4a3r4ri5i3q4nw5a3k5j4tj6a4e5k6k7c4c5e8s02acek3n4a2i3r4r3c4n5a3y4yq5j4t5n4z5rq6a4e5yk6kn7c4c5e6ei7e	1cefed47ef30e2abc2fab59c8f	99	0.552308	0.131090	0.322356
2dntca_b2a3ij4ri5i3cq4nkjz5rq6n4c6i8s2c3nj4a3e2n4n3y4ytj5r6ac5ke8	31445202992e8424e138e10428	99	0.556351	0.149803	0.312362
2dntca_b2c3an4a2i3e4n3yk4kt5n4z5rqy6cn7c4c5e6ei7es1ce3an4a3e4r3q4kyj5n4z5r4e5yk6k4c5e6e7e8	2bfcf170f18f47108305a86a90	99	0.031634	0.017288	0.022687
2dntca_b1e2c3i2e3anj4ri5i2n3q4nw5a3k4k5jnrq6a4e5cy6c5k6kn7c6ei7e8s01e2ace3j4ai2n3c5a3y4yz5r4e6k7c4c5e6ei7e	1ff2bc7cc13d268fd438c5d6f4	99	0.489623	0.149047	0.436900
2dntca_b2a3je4r5i3cq4nwqj5n4z5rq6a4e5c6k4c6ei8s1c3ine4i5i2n3cq4yq5j4tj5r6ani8	3515080e9f1f901ded2c222408	99	0.397000	0.163629	0.150456
2dntca_b3i2e3an4a3r4i5i2n4n3y4kyj5r6a4e5cy6ks1e2a3r4r5i4nytj5n4z5rq6a4e5cyk6k7c4c7e	0822c9dff9148d209ab200cae0	99	0.030326	0.006392	0.011919
2dntca_b3i2e3njre5i3q4nkyj5rqc6c5k6nei7es2ace3a4ar3q5a3y4y5j4j6a4e5cyk6k7c5e6i7e8	2f52d5ea152c8c90c2268d8660	99	0.076265	0.025668	0.029269
2dntca_b01ce2ace3a2k3re4i2n3cqy4y5n6c5k6kn4c6ei7es01ce2c3i2k3nj4a3e4r3c4w3yk4ky5j4j5rq4e5cyk6kni	0715dde195e109487316f371df	99	0.074312	0.014529	0.486269
2dntca_b01c2a3i2k3n4a3re4i2n3cq5a4y5jn4z5rq6a4e5y6c5k6k5e6ei7e8s04ar3c4w3k4yq5j4z5rq4e5cy7c4c5e6ei8	37fa0df5c75f284a7216801b2b	99	0.218264	0.080418	0.486613
2dntca_b03a2k3e5i2n4nw5a3y5j4tj5n4z5r6a5y6kn5e6i7es01ce2ac3i2e3anj4a2i3r4ri5i2n4nw5a3yk4kq5j4j5r6a5ck6k7c4c5e6i7e8	2f6ad89296f7e1e79ee4eff181	99	0.071121	0.032759	0.039813
2dntca_b1c3nj4a2in4n5a3k4k5j4tjz5q6ack7c4c6ei7e8s01e3ia2k3jr4ri5i2n3q4n5a3k4kq5j4tjz5q6a4e5y7c6e7e8	3b9629635edae6b69e815a5e02	51	0.018449	0.002861	0.003350
2dntca_b2a3ar4wyqtz5q6a5y6ckn7c4c6i7e8s2a3aj4a2i3re5i2n3c4w3k4kj5n4z5rq6a4e5cy6cke	1384bbf3f0da584d09c2c88088	99	0.487800	0.218856	0.241781
2dntca_b01ce2ac3i2e3aj4a2i3re4r2n3c4y5j4j5n4z5rq6a5cy6c5k4cs1ce2a3i2ek3j2i3re4i2n4nkq5jn4e5c6c5k6kn5e	0045c6f8269fa82435cf56ecff	99	0.034867	0.008125	0.430075
2dntca_b1e2ace3a2ki3e4r2n4w3y4yj5rq6a4e5cy6c5k6k5e6ei7e8s1e2a3aj2i3r4i5i2n3q4w3y4tjze5y6k7c	131a8d7c583c89551ccd48c1dc	99	0.104717	0.037711	0.495462
2dntca_b2ce3a2k3nj4a2i3r4i5i3cy4kq5j4t5q6ac5k6kn7c4c5e6ei7e8s1ce3i2e3an2i3e4i5i4n5a3y5j4t5n6a5yk6k7c4c5e6e7e8	3bfefd222c3875a02d732e6fd0	50	0.017792	0.002695	0.002994
2dntca_b3i2e3ar4ri5i4n5a3k5j4t5r6a4e6cn7c6es1ce2cek4a2i3re4ri5i2n3cq4n3yk4y5j4jz5rq6a5c6kn7c6i7e8	2c13b0a7d574623e8ffa9560e0	99	0.633979	0.161959	0.466219
2dntca_b01ce2c3i2k4ai5i3c4wkyqz5q6a5yk7c4c5e6e8s1c2a3i2ek3n4a3re4i5i2n3cq4w5a3k4kyq5jnr7c5e6ei7e	1cde2410a7da1cdd2db0b6a937	99	0.742383	0.101460	0.468769
2dntca_b2c3i2e3a4a3e4i3q4w3k4ke5cs1ce3ianjrecqyk6ackn7c6ei7e	0c83820e0060061941946a68f0	99	0.335001	0.151964	0.154375
2dntca_b3i2e3aj2i4ri3c4n5a3k4yt5cy6knei7e8s1c2e3njr4ri5i2n3q4nw5a3k4kytz6kn7c4c6i	1733981849c04af6ae996424e0	24	0.017426	0.002384	0.004621
2dntca_b01ce2a3i2k3nj4ai5i3cq5a4yj5nrq6a4e5c6kn7c4c6i8s01c2ae3a2k3nj2i3e4r2n4n3k4kqtjz5y6n4c	1125390c5add882663707cbf2f	99	0.024714	0.006525	0.464467
2dntca_b01e2c3i2e3a2k3n4a2i3re4r2n4w5a3yk4qtjz5q6a4e5c6kn7c6es01ce2c3i2e3aj4a2i5ij4tj5nyk6ki8	2410f90c3c1ad303184fcf7bf5	99	0.409524	0.094095	0.488954
2dntca_b01ce2a3i2ek3nr2n3cq4nw3yk4yq5j4j5n4z5rq6a4e6kn7c4c7es01ce2ac3ian4r3q5a4qt5rq4e5ck4c	022478c58a1fbb91f2022bf36f	99	0.083404	0.036140	0.472971
2dntca_b01ce2a3i2e3a2k3j2i3r4i5i3cyk4k5jnr6a5cyk6kn7c4c6e7e8s01c2a3ia2k3j4a3r4ri5i2n3q4nw5a3yk4yq5j4t5nqcy6ck7c6e7e8	3a96bf992f7527f42eb3dab5ef	99	0.183841	0.119087	0.061917
2dntca_b2a3r4i5i3qk4ky5j4t6ac5k6n7c5e8s2a3ije4nw3yk4y5j4j5n4z5q6a5c6c5k6k7c5e7e	184af6a375706e604132428008	99	0.256715	0.139279	0.096658
2dntca_b2c3ar4ri5i2n3qk4kyq5j4j5n4z5rq6a4e6ckn7c4c5e6es1c2ak4a3e4nw5a3k4kyj5q6a4e5yk6k7c6e	009ef96711dfbee0513a90a090	80	0.019979	0.009908	0.012092
2dntca_b3i2e3re4r5i3c4n3y4kq5j4tj5n4z6a4e5yk6kn7c4c7es1e2ac3iaj2i4ri3c4w3y4qz5q4e5c6n7c4c6i	06273cd54233f548a66e4bc060	99	0.099288	0.031512	0.041154
2dntca_b2c3i2e3nj2i3r4r2n4w3k4kyt5rq4e5cyk6n7c4c5e6e8s1c4a2i5i4n3y4qtjz5rq4e5c6ck5e8	305cb6ddda2c4e21184b802670	99	0.022275	0.001091	0.007167
2dntca_b1ce3i2e3jre4rw3k4qtj5n4z6a4e5c6kni7es01c3aj2i3re2n3k4kyqtjz5q4e5c6c5k6knei	0781dacd5bd3d20501ce483466	99	0.332727	0.150777	0.496950
2dntca_b2c3ia2i4i5i2n4nw3y4yq5j4t5n6ac4c6i8s02cek3j4a3r4r5i3qyk4kyt5n4z5r6a5cy6c5e6i7e8	3d4403a2e9f179119ab1d510b0	84	0.019970	0.011721	0.022687
2dntca_b01ce2a3aj4a3r4ri5i3q4nw5a3k5j4tj6a4e5k6k7c4c5e8s02acek3n4a2i3r4r3c4n5a3y4yq5j4t5n4z5rq6a4e5yk6kn7c4c5e6ei7e	1cefed47ef30e2abc2fab59c8f	99	0.552089	0.133456	0.321283
2dntca_b2a3ij4ri5i3cq4nkjz5rq6n4c6i8s2c3nj4a3e2n4n3y4ytj5r6ac5ke8	31445202992e8424e138e10428	99	0.557406	0.149855	0.315604
2dntca_b2c3an4a2i3e4n3yk4kt5n4z5rqy6cn7c4c5e6ei7es1ce3an4a3e4r3q4kyj5n4z5r4e5yk6k4c5e6e7e8	2bfcf170f18f47108305a86a90	99	0.032637	0.019502	0.024371
2dntca_b1e2c3i2e3anj4ri5i2n3q4nw5a3k4k5jnrq6a4e5cy6c5k6kn7c6ei7e8s01e2ace3j4ai2n3c5a3y4yz5r4e6k7c4c5e6ei7e	1ff2bc7cc13d268fd438c5d6f4	99	0.497007	0.147616	0.439054
2dntca_b2a3je4r5i3cq4nwqj5n4z5rq6a4e5c6k4c6ei8s1c3ine4i5i2n3cq4yq5j4tj5r6ani8	3515080e9f1f901ded2c222408	99	0.398315	0.168123	0.152346
2dntca_b3i2e3an4a3r4i5i2n4n3y4kyj5r6a4e5cy6ks1e2a3r4r5i4nytj5n4z5rq6a4e5cyk6k7c4c7e	0822c9dff9148d209ab200cae0	99	0.028494	0.005429	0.011167
2dntca_b3i2e3njre5i3q4nkyj5rqc6c5k6nei7es2ace3a4ar3q5a3y4y5j4j6a4e5cyk6k7c5e6i7e8	2f52d5ea152c8c90c2268d8660	99	0.081448	0.030037	0.030958
2dntca_b01ce2ace3a2k3re4i2n3cqy4y5n6c5k6kn4c6ei7es01ce2c3i2k3nj4a3e4r3c4w3yk4ky5j4j5rq4e5cyk6kni	0715dde195e109487316f371df	99	0.074056	0.015113	0.493433
2dntca_b01c2a3i2k3n4a3re4i2n3cq5a4y5jn4z5rq6a4e5y6c5k6k5e6ei7e8s04ar3c4w3k4yq5j4z5rq4e5cy7c4c5e6ei8	37fa0df5c75f284a7216801b2b	99	0.216601	0.087702	0.486175
2dntca_b03a2k3e5i2n4nw5a3y5j4tj5n4z5r6a5y6kn5e6i7es01ce2ac3i2e3anj4a2i3r4ri5i2n4nw5a3yk4kq5j4j5r6a5ck6k7c4c5e6i7e8	2f6ad89296f7e1e79ee4eff181	99	0.073986	0.033654	0.040879
2dntca_b1c3nj4a2in4n5a3k4k5j4tjz5q6ack7c4c6ei7e8s01e3ia2k3jr4ri5i2n3q4n5a3k4kq5j4tjz5q6a4e5y7c6e7e8	3b9629635edae6b69e815a5e02	49	0.017457	0.002941	0.003554
2dntca_b2a3ar4wyqtz5q6a5y6ckn7c4c6i7e8s2a3aj4a2i3re5i2n3c4w3k4kj5n4z5rq6a4e5cy6cke	1384bbf3f0da584d09c2c88088	99	0.496264	0.220401	0.243221
2dntca_b01ce2ac3i2e3aj4a2i3re4r2n3c4y5j4j5n4z5rq6a5cy6c5k4cs1ce2a3i2ek3j2i3re4i2n4nkq5jn4e5c6c5k6kn5e	0045c6f8269fa82435cf56ecff	99	0.040366	0.009999	0.437604
2dntca_b1e2ace3a2ki3e4r2n4w3y4yj5rq6a4e5cy6c5k6k5e6ei7e8s1e2a3aj2i3r4i5i2n3q4w3y4tjze5y6k7c	131a8d7c583c89551ccd48c1dc	99	0.096750	0.034695	0.495596
2dntca_b2ce3a2k3nj4a2i3r4i5i3cy4kq5j4t5q6ac5k6kn7c4c5e6ei7e8s1ce3i2e3an2i3e4i5i4n5a3y5j4t5n6a5yk6k7c4c5e6e7e8	3bfefd222c3875a02d732e6fd0	52	0.018580	0.003088	0.004258
2dntca_b3i2e3ar4ri5i4n5a3k5j4t5r6a4e6cn7c6es1ce2cek4a2i3re4ri5i2n3cq4n3yk4y5j4jz5rq6a5c6kn7c6i7e8	2c13b0a7d574623e8ffa9560e0	99	0.629932	0.159370	0.470408
2dntca_b01ce2c3i2k4ai5i3c4wkyqz5q6a5yk7c4c5e6e8s1c2a3i2ek3n4a3re4i5i2n3cq4w5a3k4kyq5jnr7c5e6ei7e	1cde2410a7da1cdd2db0b6a937	99	0.742416	0.101879	0.469646
2dntca_b2c3i2e3a4a3e4i3q4w3k4ke5cs1ce3ianjrecqyk6ackn7c6ei7e	0c83820e0060061941946a68f0	99	0.335001	0.151964	0.154375
2dntca_b3i2e3aj2i4ri3c4n5a3k4yt5cy6knei7e8s1c2e3njr4ri5i2n3q4nw5a3k4kytz6kn7c4c6i	1733981849c04af6ae996424e0	24	0.017426	0.002384	0.004621
2dntca_b01ce2a3i2k3nj4ai5i3cq5a4yj5nrq6a4e5c6kn7c4c6i8s01c2ae3a2k3nj2i3e4r2n4n3k4kqtjz5y6n4c	1125390c5add882663707cbf2f	99	0.024714	0.006525	0.464467
2dntca_b01e2c3i2e3a2k3n4a2i3re4r2n4w5a3yk4qtjz5q6a4e5c6kn7c6es01ce2c3i2e3aj4a2i5ij4tj5nyk6ki8	2410f90c3c1ad303184fcf7bf5	99	0.409524	0.094095	0.488954
2dntca_b01ce2a3i2ek3nr2n3cq4nw3yk4yq5j4j5n4z5rq6a4e6kn7c4c7es01ce2ac3ian4r3q5a4qt5rq4e5ck4c	022478c58a1fbb91f2022bf36f	99	0.083404	0.036140	0.472971
2dntca_b01ce2a3i2e3a2k3j2i3r4i5i3cyk4k5jnr6a5cyk6kn7c4c6e7e8s01c2a3ia2k3j4a3r4ri5i2n3q4nw5a3yk4yq5j4t5nqcy6ck7c6e7e8	3a96bf992f7527f42eb3dab5ef	99	0.183841	0.119087	0.061917
2dntca_b2a3r4i5i3qk4ky5j4t6ac5k6n7c5e8s2a3ije4nw3yk4y5j4j5n4z5q6a5c6c5k6k7c5e7e	184af6a375706e604132428008	99	0.256715	0.139279	0.096658
2dntca_b2c3ar4ri5i2n3qk4kyq5j4j5n4z5rq6a4e6ckn7c4c5e6es1c2ak4a3e4nw5a3k4kyj5q6a4e5yk6k7c6e	009ef96711dfbee0513a90a090	80	0.019979	0.009908	0.012092
2dntca_b2c3i2e3a4a3e4i3q4w3k4ke5cs1ce3ianjrecqyk6ackn7c6ei7e	0c83820e0060061941946a68f0	99	0.327374	0.150920	0.148754
2dntca_b3i2e3aj2i4ri3c4n5a3k4yt5cy6knei7e8s1c2e3njr4ri5i2n3q4nw5a3k4kytz6kn7c4c6i	1733981849c04af6ae996424e0	24	0.016959	0.002293	0.004108
2dntca_b01ce2a3i2k3nj4ai5i3cq5a4yj5nrq6a4e5c6kn7c4c6i8s01c2ae3a2k3nj2i3e4r2n4n3k4kqtjz5y6n4c	1125390c5add882663707cbf2f	99	0.024534	0.006396	0.465562
2dntca_b01e2c3i2e3a2k3n4a2i3re4r2n4w5a3yk4qtjz5q6a4e5c6kn7c6es01ce2c3i2e3aj4a2i5ij4tj5nyk6ki8	2410f90c3c1ad303184fcf7bf5	99	0.421191	0.099574	0.488767
2dntca_b01ce2a3i2ek3nr2n3cq4nw3yk4yq5j4j5n4z5rq6a4e6kn7c4c7es01ce2ac3ian4r3q5a4qt5rq4e5ck4c	022478c58a1fbb91f2022bf36f	99	0.084184	0.036064	0.460246
2dntca_b01ce2a3i2e3a2k3j2i3r4i5i3cyk4k5jnr6a5cyk6kn7c4c6e7e8s01c2a3ia2k3j4a3r4ri5i2n3q4nw5a3yk4yq5j4t5nqcy6ck7c6e7e8	3a96bf992f7527f42eb3dab5ef	99	0.189660	0.118959	0.063754
2dntca_b2a3r4i5i3qk4ky5j4t6ac5k6n7c5e8s2a3ije4nw3yk4y5j4j5n4z5q6a5c6c5k6k7c5e7e	184af6a375706e604132428008	99	0.257368	0.143306	0.097058
2dntca_b2c3ar4ri5i2n3qk4kyq5j4j5n4z5rq6a4e6ckn7c4c5e6es1c2ak4a3e4nw5a3k4kyj5q6a4e5yk6k7c6e	009ef96711dfbee0513a90a090	87	0.019995	0.009994	0.012300
2dntca_b3i2e3re4r5i3c4n3y4kq5j4tj5n4z6a4e5yk6kn7c4c7es1e2ac3iaj2i4ri3c4w3y4qz5q4e5c6n7c4c6i	06273cd54233f548a66e4bc060	99	0.101485	0.034487	0.042117
2dntca_b2c3i2e3nj2i3r4r2n4w3k4kyt5rq4e5cyk6n7c4c5e6e8s1c4a2i5i4n3y4qtjz5rq4e5c6ck5e8	305cb6ddda2c4e21184b802670	99	0.024780	0.000758	0.007942
2dntca_b1ce3i2e3jre4rw3k4qtj5n4z6a4e5c6kni7es01c3aj2i3re2n3k4kyqtjz5q4e5c6c5k6knei	0781dacd5bd3d20501ce483466	99	0.317910	0.142049	0.498325
2dntca_b2c3ia2i4i5i2n4nw3y4yq5j4t5n6ac4c6i8s02cek3j4a3r4r5i3qyk4kyt5n4z5r6a5cy6c5e6i7e8	3d4403a2e9f179119ab1d510b0	92	0.019856	0.011568	0.023983
2dntca_b01ce2a3aj4a3r4ri5i3q4nw5a3k5j4tj6a4e5k6k7c4c5e8s02acek3n4a2i3r4r3c4n5a3y4yq5j4t5n4z5rq6a4e5yk6kn7c4c5e6ei7e	1cefed47ef30e2abc2fab59c8f	99	0.553346	0.130759	0.323692
2dntca_b2a3ij4ri5i3cq4nkjz5rq6n4c6i8s2c3nj4a3e2n4n3y4ytj5r6ac5ke8	31445202992e8424e138e10428	99	0.560029	0.153543	0.313754
2dntca_b2c3an4a2i3e4n3yk4kt5n4z5rqy6cn7c4c5e6ei7es1ce3an4a3e4r3q4kyj5n4z5r4e5yk6k4c5e6e7e8	2bfcf170f18f47108305a86a90	99	0.028728	0.016089	0.022629
2dntca_b1e2c3i2e3anj4ri5i2n3q4nw5a3k4k5jnrq6a4e5cy6c5k6kn7c6ei7e8s01e2ace3j4ai2n3c5a3y4yz5r4e6k7c4c5e6ei7e	1ff2bc7cc13d268fd438c5d6f4	99	0.499376	0.149358	0.437050
2dntca_b2a3je4r5i3cq4nwqj5n4z5rq6a4e5c6k4c6ei8s1c3ine4i5i2n3cq4yq5j4tj5r6ani8	3515080e9f1f901ded2c222408	99	0.394759	0.165597	0.149621
2dntca_b3i2e3an4a3r4i5i2n4n3y4kyj5r6a4e5cy6ks1e2a3r4r5i4nytj5n4z5rq6a4e5cyk6k7c4c7e	0822c9dff9148d209ab200cae0	99	0.026633	0.004387	0.010825
2dntca_b3i2e3njre5i3q4nkyj5rqc6c5k6nei7es2ace3a4ar3q5a3y4y5j4j6a4e5cyk6k7c5e6i7e8	2f52d5ea152c8c90c2268d8660	99	0.080768	0.028168	0.030638
2dntca_b01ce2ace3a2k3re4i2n3cqy4y5n6c5k6kn4c6ei7es01ce2c3i2k3nj4a3e4r3c4w3yk4ky5j4j5rq4e5cyk6kni	0715dde195e109487316f371df	99	0.072341	0.014667	0.478433
2dntca_b01c2a3i2k3n4a3re4i2n3cq5a4y5jn4z5rq6a4e5y6c5k6k5e6ei7e8s04ar3c4w3k4yq5j4z5rq4e5cy7c4c5e6ei8	37fa0df5c75f284a7216801b2b	99	0.216327	0.081999	0.485787
2dntca_b03a2k3e5i2n4nw5a3y5j4tj5n4z5r6a5y6kn5e6i7es01ce2ac3i2e3anj4a2i3r4ri5i2n4nw5a3yk4kq5j4j5r6a5ck6k7c4c5e6i7e8	2f6ad89296f7e1e79ee4eff181	99	0.073769	0.034049	0.040967
2dntca_b1c3nj4a2in4n5a3k4k5j4tjz5q6ack7c4c6ei7e8s01e3ia2k3jr4ri5i2n3q4n5a3k4kq5j4tjz5q6a4e5y7c6e7e8	3b9629635edae6b69e815a5e02	50	0.019445	0.003827	0.004387
2dntca_b2a3ar4wyqtz5q6a5y6ckn7c4c6i7e8s2a3aj4a2i3re5i2n3c4w3k4kj5n4z5rq6a4e5cy6cke	1384bbf3f0da584d09c2c88088	99	0.486792	0.221466	0.237975
2dntca_b01ce2ac3i2e3aj4a2i3re4r2n3c4y5j4j5n4z5rq6a5cy6c5k4cs1ce2a3i2ek3j2i3re4i2n4nkq5jn4e5c6c5k6kn5e	0045c6f8269fa82435cf56ecff	99	0.032391	0.006873	0.466892
2dntca_b1e2ace3a2ki3e4r2n4w3y4yj5rq6a4e5cy6c5k6k5e6ei7e8s1e2a3aj2i3r4i5i2n3q4w3y4tjze5y6k7c	131a8d7c583c89551ccd48c1dc	99	0.107442	0.039108	0.495771
2dntca_b2ce3a2k3nj4a2i3r4i5i3cy4kq5j4t5q6ac5k6kn7c4c5e6ei7e8s1ce3i2e3an2i3e4i5i4n5a3y5j4t5n6a5yk6k7c4c5e6e7e8	3bfefd222c3875a02d732e6fd0	52	0.018810	0.003741	0.005012
2dntca_b3i2e3ar4ri5i4n5a3k5j4t5r6a4e6cn7c6es1ce2cek4a2i3re4ri5i2n3cq4n3yk4y5j4jz5rq6a5c6kn7c6i7e8	2c13b0a7d574623e8ffa9560e0	99	0.626687	0.160642	0.474558
2dntca_b01ce2c3i2k4ai5i3c4wkyqz5q6a5yk7c4c5e6e8s1c2a3i2ek3n4a3re4i5i2n3cq4w5a3k4kyq5jnr7c5e6ei7e	1cde2410a7da1cdd2db0b6a937	99	0.742426	0.102272	0.468217
2dntca_b2c3i2e3a4a3e4i3q4w3k4ke5cs1ce3ianjrecqyk6ackn7c6ei7e	0c83820e0060061941946a68f0	99	0.327374	0.150920	0.148754
2dntca_b3i2e3aj2i4ri3c4n5a3k4yt5cy6knei7e8s1c2e3njr4ri5i2n3q4nw5a3k4kytz6kn7c4c6i	1733981849c04af6ae996424e0	24	0.016959	0.002293	0.004108
2dntca_b01ce2a3i2k3nj4ai5i3cq5a4yj5nrq6a4e5c6kn7c4c6i8s01c2ae3a2k3nj2i3e4r2n4n3k4kqtjz5y6n4c	1125390c5add882663707cbf2f	99	0.024534	0.006396	0.465562
2dntca_b01e2c3i2e3a2k3n4a2i3re4r2n4w5a3yk4qtjz5q6a4e5c6kn7c6es01ce2c3i2e3aj4a2i5ij4tj5nyk6ki8	2410f90c3c1ad303184fcf7bf5	99	0.421191	0.099574	0.488767
2dntca_b01ce2a3i2ek3nr2n3cq4nw3yk4yq5j4j5n4z5rq6a4e6kn7c4c7es01ce2ac3ian4r3q5a4qt5rq4e5ck4c	022478c58a1fbb91f2022bf36f	99	0.084184	0.036064	0.460246
2dntca_b01ce2a3i2e3a2k3j2i3r4i5i3cyk4k5jnr6a5cyk6kn7c4c6e7e8s01c2a3ia2k3j4a3r4ri5i2n3q4nw5a3yk4yq5j4t5nqcy6ck7c6e7e8	3a96bf992f7527f42eb3dab5ef	99	0.189660	0.118959	0.063754
2dntca_b2a3r4i5i3qk4ky5j4t6ac5k6n7c5e8s2a3ije4nw3yk4y5j4j5n4z5q6a5c6c5k6k7c5e7e	184af6a375706e604132428008	99	0.257368	0.143306	0.097058
2dntca_b2c3ar4ri5i2n3qk4kyq5j4j5n4z5rq6a4e6ckn7c4c5e6es1c2ak4a3e4nw5a3k4kyj5q6a4e5yk6k7c6e	009ef96711dfbee0513a90a090	87	0.019995	0.009994	0.012300
2dntca_b3i2e3re4r5i3c4n3y4kq5j4tj5n4z6a4e5yk6kn7c4c7es1e2ac3iaj2i4ri3c4w3y4qz5q4e5c6n7c4c6i	06273cd54233f548a66e4bc060	99	0.101485	0.034487	0.042117
2dntca_b2c3i2e3nj2i3r4r2n4w3k4kyt5rq4e5cyk6n7c4c5e6e8s1c4a2i5i4n3y4qtjz5rq4e5c6ck5e8	305cb6ddda2c4e21184b802670	99	0.024780	0.000758	0.007942
2dntca_b1ce3i2e3jre4rw3k4qtj5n4z6a4e5c6kni7es01c3aj2i3re2n3k4kyqtjz5q4e5c6c5k6knei	0781dacd5bd3d20501ce483466	99	0.317910	0.142049	0.498325
2dntca_b2c3ia2i4i5i2n4nw3y4yq5j4t5n6ac4c6i8s02cek3j4a3r4r5i3qyk4kyt5n4z5r6a5cy6c5e6i7e8	3d4403a2e9f179119ab1d510b0	92	0.019856	0.011568	0.023983
2dntca_b01ce2a3aj4a3r4ri5i3q4nw5a3k5j4tj6a4e5k6k7c4c5e8s02acek3n4a2i3r4r3c4n5a3y4yq5j4t5n4z5rq6a4e5yk6kn7c4c5e6ei7e	1cefed47ef30e2abc2fab59c8f	99	0.553346	0.130759	0.323692
2dntca_b2a3ij4ri5i3cq4nkjz5rq6n4c6i8s2c3nj4a3e2n4n3y4ytj5r6ac5ke8	31445202992e8424e138e10428	99	0.560029	0.153543	0.313754
2dntca_b2c3an4a2i3e4n3yk4kt5n4z5rqy6cn7c4c5e6ei7es1ce3an4a3e4r3q4kyj5n4z5r4e5yk6k4c5e6e7e8	2bfcf170f18f47108305a86a90	99	0.028728	0.016089	0.022629
2dntca_b1e2c3i2e3anj4ri5i2n3q4nw5a3k4k5jnrq6a4e5cy6c5k6kn7c6ei7e8s01e2ace3j4ai2n3c5a3y4yz5r4e6k7c4c5e6ei7e	1ff2bc7cc13d268fd438c5d6f4	99	0.499376	0.149358	0.437050
2dntca_b2a3je4r5i3cq4nwqj5n4z5rq6a4e5c6k4c6ei8s1c3ine4i5i2n3cq4yq5j4tj5r6ani8	3515080e9f1f901ded2c222408	99	0.394759	0.165597	0.149621
2dntca_b3i2e3an4a3r4i5i2n4n3y4kyj5r6a4e5cy6ks1e2a3r4r5i4nytj5n4z5rq6a4e5cyk6k7c4c7e	0822c9dff9148d209ab200cae0	99	0.026633	0.004387	0.010825
2dntca_b3i2e3njre5i3q4nkyj5rqc6c5k6nei7es2ace3a4ar3q5a3y4y5j4j6a4e5cyk6k7c5e6i7e8	2f52d5ea152c8c90c2268d8660	99	0.080768	0.028168	0.030638
2dntca_b01ce2ace3a2k3re4i2n3cqy4y5n6c5k6kn4c6ei7es01ce2c3i2k3nj4a3e4r3c4w3yk4ky5j4j5rq4e5cyk6kni	0715dde195e109487316f371df	99	0.072341	0.014667	0.478433
2dntca_b01c2a3i2k3n4a3re4i2n3cq5a4y5jn4z5rq6a4e5y6c5k6k5e6ei7e8s04ar3c4w3k4yq5j4z5rq4e5cy7c4c5e6ei8	37fa0df5c75f284a7216801b2b	99	0.216327	0.081999	0.485787
2dntca_b03a2k3e5i2n4nw5a3y5j4tj5n4z5r6a5y6kn5e6i7es01ce2ac3i2e3anj4a2i3r4ri5i2n4nw5a3yk4kq5j4j5r6a5ck6k7c4c5e6i7e8	2f6ad89296f7e1e79ee4eff181	99	0.073769	0.034049	0.040967
2dntca_b1c3nj4a2in4n5a3k4k5j4tjz5q6ack7c4c6ei7e8s01e3ia2k3jr4ri5i2n3q4n5a3k4kq5j4tjz5q6a4e5y7c6e7e8	3b9629635edae6b69e815a5e02	50	0.019445	0.003827	0.004387
2dntca_b2a3ar4wyqtz5q6a5y6ckn7c4c6i7e8s2a3aj4a2i3re5i2n3c4w3k4kj5n4z5rq6a4e5cy6cke	1384bbf3f0da584d09c2c88088	99	0.486792	0.221466	0.237975
2dntca_b01ce2ac3i2e3aj4a2i3re4r2n3c4y5j4j5n4z5rq6a5cy6c5k4cs1ce2a3i2ek3j2i3re4i2n4nkq5jn4e5c6c5k6kn5e	0045c6f8269fa82435cf56ecff	99	0.032391	0.006873	0.466892
2dntca_b1e2ace3a2ki3e4r2n4w3y4yj5rq6a4e5cy6c5k6k5e6ei7e8s1e2a3aj2i3r4i5i2n3q4w3y4tjze5y6k7c	131a8d7c583c89551ccd48c1dc	99	0.107442	0.039108	0.495771
2dntca_b2ce3a2k3nj4a2i3r4i5i3cy4kq5j4t5q6ac5k6kn7c4c5e6ei7e8s1ce3i2e3an2i3e4i5i4n5a3y5j4t5n6a5yk6k7c4c5e6e7e8	3bfefd222c3875a02d732e6fd0	52	0.018810	0.003741	0.005012
2dntca_b3i2e3ar4ri5i4n5a3k5j4t5r6a4e6cn7c6es1ce2cek4a2i3re4ri5i2n3cq4n3yk4y5j4jz5rq6a5c6kn7c6i7e8	2c13b0a7d574623e8ffa9560e0	99	0.626687	0.160642	0.474558
2dntca_b01ce2c3i2k4ai5i3c4wkyqz5q6a5yk7c4c5e6e8s1c2a3i2ek3n4a3re4i5i2n3cq4w5a3k4kyq5jnr7c5e6ei7e	1cde2410a7da1cdd2db0b6a937	99	0.742426	0.102272	0.468217
2dntca_b2c3i2e3a4a3e4i3q4w3k4ke5cs1ce3ianjrecqyk6ackn7c6ei7e	0c83820e0060061941946a68f0	99	0.327374	0.150920	0.148754
2dntca_b3i2e3aj2i4ri3c4n5a3k4yt5cy6knei7e8s1c2e3njr4ri5i2n3q4nw5a3k4kytz6kn7c4c6i	1733981849c04af6ae996424e0	24	0.016959	0.002293	0.004108
2dntca_b01ce2a3i2k3nj4ai5i3cq5a4yj5nrq6a4e5c6kn7c4c6i8s01c2ae3a2k3nj2i3e4r2n4n3k4kqtjz5y6n4c	1125390c5add882663707cbf2f	99	0.024534	0.006396	0.465562
2dntca_b01e2c3i2e3a2k3n4a2i3re4r2n4w5a3yk4qtjz5q6a4e5c6kn7c6es01ce2c3i2e3aj4a2i5ij4tj5nyk6ki8	2410f90c3c1ad303184fcf7bf5	99	0.421191	0.099574	0.488767
2dntca_b01ce2a3i2ek3nr2n3cq4nw3yk4yq5j4j5n4z5rq6a4e6kn7c4c7es01ce2ac3ian4r3q5a4qt5rq4e5ck4c	022478c58a1fbb91f2022bf36f	99	0.084184	0.036064	0.460246
2dntca_b01ce2a3i2e3a2k3j2i3r4i5i3cyk4k5jnr6a5cyk6kn7c4c6e7e8s01c2a3ia2k3j4a3r4ri5i2n3q4nw5a3yk4yq5j4t5nqcy6ck7c6e7e8	3a96bf992f7527f42eb3dab5ef	99	0.189660	0.118959	0.063754
2dntca_b2a3r4i5i3qk4ky5j4t6ac5k6n7c5e8s2a3ije4nw3yk4y5j4j5n4z5q6a5c6c5k6k7c5e7e	184af6a375706e604132428008	99	0.257368	0.143306	0.097058
2dntca_b2c3ar4ri5i2n3qk4kyq5j4j5n4z5rq6a4e6ckn7c4c5e6es1c2ak4a3e4nw5a3k4kyj5q6a4e5yk6k7c6e	009ef96711dfbee0513a90a090	87	0.019995	0.009994	0.012300
2dntca_b3i2e3re4r5i3c4n3y4kq5j4tj5n4z6a4e5yk6kn7c4c7es1e2ac3iaj2i4ri3c4w3y4qz5q4e5c6n7c4c6i	06273cd54233f548a66e4bc060	99	0.101485	0.034487	0.042117
2dntca_b2c3i2e3nj2i3r4r2n4w3k4kyt5rq4e5cyk6n7c4c5e6e8s1c4a2i5i4n3y4qtjz5rq4e5c6ck5e8	305cb6ddda2c4e21184b802670	99	0.024780	0.000758	0.007942
2dntca_b1ce3i2e3jre4rw3k4qtj5n4z6a4e5c6kni7es01c3aj2i3re2n3k4kyqtjz5q4e5c6c5k6knei	0781dacd5bd3d20501ce483466	99	0.317910	0.142049	0.498325
2dntca_b2c3ia2i4i5i2n4nw3y4yq5j4t5n6ac4c6i8s02cek3j4a3r4r5i3qyk4kyt5n4z5r6a5cy6c5e6i7e8	3d4403a2e9f179119ab1d510b0	92	0.019856	0.011568	0.023983
2dntca_b01ce2a3aj4a3r4ri5i3q4nw5a3k5j4tj6a4e5k6k7c4c5e8s02acek3n4a2i3r4r3c4n5a3y4yq5j4t5n4z5rq6a4e5yk6kn7c4c5e6ei7e	1cefed47ef30e2abc2fab59c8f	99	0.553346	0.130759	0.323692
2dntca_b2a3ij4ri5i3cq4nkjz5rq6n4c6i8s2c3nj4a3e2n4n3y4ytj5r6ac5ke8	31445202992e8424e138e10428	99	0.560029	0.153543	0.313754
2dntca_b2c3an4a2i3e4n3yk4kt5n4z5rqy6cn7c4c5e6ei7es1ce3an4a3e4r3q4kyj5n4z5r4e5yk6k4c5e6e7e8	2bfcf170f18f47108305a86a90	99	0.028728	0.016089	0.022629
2dntca_b1e2c3i2e3anj4ri5i2n3q4nw5a3k4k5jnrq6a4e5cy6c5k6kn7c6ei7e8s01e2ace3j4ai2n3c5a3y4yz5r4e6k7c4c5e6ei7e	1ff2bc7cc13d268fd438c5d6f4	99	0.499376	0.149358	0.437050
2dntca_b2a3je4r5i3cq4nwqj5n4z5rq6a4e5c6k4c6ei8s1c3ine4i5i2n3cq4yq5j4tj5r6ani8	3515080e9f1f901ded2c222408	99	0.394759	0.165597	0.149621
2dntca_b3i2e3an4a3r4i5i2n4n3y4kyj5r6a4e5cy6ks1e2a3r4r5i4nytj5n4z5rq6a4e5cyk6k7c4c7e	0822c9dff9148d209ab200cae0	99	0.026633	0.004387	0.010825
2dntca_b3i2e3njre5i3q4nkyj5rqc6c5k6nei7es2ace3a4ar3q5a3y4y5j4j6a4e5cyk6k7c5e6i7e8	2f52d5ea152c8c90c2268d8660	99	0.080768	0.028168	0.030638
2dntca_b01ce2ace3a2k3re4i2n3cqy4y5n6c5k6kn4c6ei7es01ce2c3i2k3nj4a3e4r3c4w3yk4ky5j4j5rq4e5cyk6kni	0715dde195e109487316f371df	99	0.072341	0.014667	0.478433
2dntca_b01c2a3i2k3n4a3re4i2n3cq5a4y5jn4z5rq6a4e5y6c5k6k5e6ei7e8s04ar3c4w3k4yq5j4z5rq4e5cy7c4c5e6ei8	37fa0df5c75f284a7216801b2b	99	0.216327	0.081999	0.485787
2dntca_b03a2k3e5i2n4nw5a3y5j4tj5n4z5r6a5y6kn5e6i7es01ce2ac3i2e3anj4a2i3r4ri5i2n4nw5a3yk4kq5j4j5r6a5ck6k7c4c5e6i7e8	2f6ad89296f7e1e79ee4eff181	99	0.073769	0.034049	0.040967
2dntca_b1c3nj4a2in4n5a3k4k5j4tjz5q6ack7c4c6ei7e8s01e3ia2k3jr4ri5i2n3q4n5a3k4kq5j4tjz5q6a4e5y7c6e7e8	3b9629635edae6b69e815a5e02	50	0.019445	0.003827	0.004387
2dntca_b2a3ar4wyqtz5q6a5y6ckn7c4c6i7e8s2a3aj4a2i3re5i2n3c4w3k4kj5n4z5rq6a4e5cy6cke	1384bbf3f0da584d09c2c88088	99	0.486792	0.221466	0.237975
2dntca_b01ce2ac3i2e3aj4a2i3re4r2n3c4y5j4j5n4z5rq6a5cy6c5k4cs1ce2a3i2ek3j2i3re4i2n4nkq5jn4e5c6c5k6kn5e	0045c6f8269fa82435cf56ecff	99	0.032391	0.006873	0.466892
2dntca_b1e2ace3a2ki3e4r2n4w3y4yj5rq6a4e5cy6c5k6k5e6ei7e8s1e2a3aj2i3r4i5i2n3q4w3y4tjze5y6k7c	131a8d7c583c89551ccd48c1dc	99	0.107442	0.039108	0.495771
2dntca_b2ce3a2k3nj4a2i3r4i5i3cy4kq5j4t5q6ac5k6kn7c4c5e6ei7e8s1ce3i2e3an2i3e4i5i4n5a3y5j4t5n6a5yk6k7c4c5e6e7e8	3bfefd222c3875a02d732e6fd0	52	0.018810	0.003741	0.005012
2dntca_b3i2e3ar4ri5i4n5a3k5j4t5r6a4e6cn7c6es1ce2cek4a2i3re4ri5i2n3cq4n3yk4y5j4jz5rq6a5c6kn7c6i7e8	2c13b0a7d574623e8ffa9560e0	99	0.626687	0.160642	0.474558
2dntca_b01ce2c3i2k4ai5i3c4wkyqz5q6a5yk7c4c5e6e8s1c2a3i2ek3n4a3re4i5i2n3cq4w5a3k4kyq5jnr7c5e6ei7e	1cde2410a7da1cdd2db0b6a937	99	0.742426	0.102272	0.468217
2dntca_b2c3i2e3a4a3e4i3q4w3k4ke5cs1ce3ianjrecqyk6ackn7c6ei7e	0c83820e0060061941946a68f0	99	0.327374	0.150920	0.148754
2dntca_b3i2e3aj2i4ri3c4n5a3k4yt5cy6knei7e8s1c2e3njr4ri5i2n3q4nw5a3k4kytz6kn7c4c6i	1733981849c04af6ae996424e0	24	0.016959	0.002293	0.004108
2dntca_b01ce2a3i2k3nj4ai5i3cq5a4yj5nrq6a4e5c6kn7c4c6i8s01c2ae3a2k3nj2i3e4r2n4n3k4kqtjz5y6n4c	1125390c5add882663707cbf2f	99	0.024534	0.006396	0.465562
2dntca_b01e2c3i2e3a2k3n4a2i3re4r2n4w5a3yk4qtjz5q6a4e5c6kn7c6es01ce2c3i2e3aj4a2i5ij4tj5nyk6ki8	2410f90c3c1ad303184fcf7bf5	99	0.421191	0.099574	0.488767
2dntca_b01ce2a3i2ek3nr2n3cq4nw3yk4yq5j4j5n4z5rq6a4e6kn7c4c7es01ce2ac3ian4r3q5a4qt5rq4e5ck4c	022478c58a1fbb91f2022bf36f	99	0.084184	0.036064	0.460246
2dntca_b01ce2a3i2e3a2k3j2i3r4i5i3cyk4k5jnr6a5cyk6kn7c4c6e7e8s01c2a3ia2k3j4a3r4ri5i2n3q4nw5a3yk4yq5j4t5nqcy6ck7c6e7e8	3a96bf992f7527f42eb3dab5ef	99	0.189660	0.118959	0.063754
2dntca_b2a3r4i5i3qk4ky5j4t6ac5k6n7c5e8s2a3ije4nw3yk4y5j4j5n4z5q6a5c6c5k6k7c5e7e	184af6a375706e604132428008	99	0.257368	0.143306	0.097058
2dntca_b2c3ar4ri5i2n3qk4kyq5j4j5n4z5rq6a4e6ckn7c4c5e6es1c2ak4a3e4nw5a3k4kyj5q6a4e5yk6k7c6e	009ef96711dfbee0513a90a090	87	0.019995	0.009994	0.012300
2dntca_b3i2e3re4r5i3c4n3y4kq5j4tj5n4z6a4e5yk6kn7c4c7es1e2ac3iaj2i4ri3c4w3y4qz5q4e5c6n7c4c6i	06273cd54233f548a66e4bc060	99	0.101485	0.034487	0.042117
2dntca_b2c3i2e3nj2i3r4r2n4w3k4kyt5rq4e5cyk6n7c4c5e6e8s1c4a2i5i4n3y4qtjz5rq4e5c6ck5e8	305cb6ddda2c4e21184b802670	99	0.024780	0.000758	0.007942
2dntca_b1ce3i2e3jre4rw3k4qtj5n4z6a4e5c6kni7es01c3aj2i3re2n3k4kyqtjz5q4e5c6c5k6knei	0781dacd5bd3d20501ce483466	99	0.317910	0.142049	0.498325
2dntca_b2c3ia2i4i5i2n4nw3y4yq5j4t5n6ac4c6i8s02cek3j4a3r4r5i3qyk4kyt5n4z5r6a5cy6c5e6i7e8	3d4403a2e9f179119ab1d510b0	92	0.019856	0.011568	0.023983
2dntca_b01ce2a3aj4a3r4ri5i3q4nw5a3k5j4tj6a4e5k6k7c4c5e8s02acek3n4a2i3r4r3c4n5a3y4yq5j4t5n4z5rq6a4e5yk6kn7c4c5e6ei7e	1cefed47ef30e2abc2fab59c8f	99	0.553346	0.130759	0.323692
2dntca_b2a3ij4ri5i3cq4nkjz5rq6n4c6i8s2c3nj4a3e2n4n3y4ytj5r6ac5ke8	31445202992e8424e138e10428	99	0.560029	0.153543	0.313754
2dntca_b2c3an4a2i3e4n3yk4kt5n4z5rqy6cn7c4c5e6ei7es1ce3an4a3e4r3q4kyj5n4z5r4e5yk6k4c5e6e7e8	2bfcf170f18f47108305a86a90	99	0.028728	0.016089	0.022629
2dntca_b1e2c3i2e3anj4ri5i2n3q4nw5a3k4k5jnrq6a4e5cy6c5k6kn7c6ei7e8s01e2ace3j4ai2n3c5a3y4yz5r4e6k7c4c5e6ei7e	1ff2bc7cc13d268fd438c5d6f4	99	0.499376	0.149358	0.437050
2dntca_b2a3je4r5i3cq4nwqj5n4z5rq6a4e5c6k4c6ei8s1c3ine4i5i2n3cq4yq5j4tj5r6ani8	3515080e9f1f901ded2c222408	99	0.394759	0.165597	0.149621
2dntca_b3i2e3an4a3r4i5i2n4n3y4kyj5r6a4e5cy6ks1e2a3r4r5i4nytj5n4z5rq6a4e5cyk6k7c4c7e	0822c9dff9148d209ab200cae0	99	0.026633	0.004387	0.010825
2dntca_b3i2e3njre5i3q4nkyj5rqc6c5k6nei7es2ace3a4ar3q5a3y4y5j4j6a4e5cyk6k7c5e6i7e8	2f52d5ea152c8c90c2268d8660	99	0.080768	0.028168	0.030638
2dntca_b01ce2ace3a2k3re4i2n3cqy4y5n6c5k6kn4c6ei7es01ce2c3i2k3nj4a3e4r3c4w3yk4ky5j4j5rq4e5cyk6kni	0715dde195e109487316f371df	99	0.072341	0.014667	0.478433
2dntca_b01c2a3i2k3n4a3re4i2n3cq5a4y5jn4z5rq6a4e5y6c5k6k5e6ei7e8s04ar3c4w3k4yq5j4z5rq4e5cy7c4c5e6ei8	37fa0df5c75f284a7216801b2b	99	0.216327	0.081999	0.485787
2dntca_b03a2k3e5i2n4nw5a3y5j4tj5n4z5r6a5y6kn5e6i7es01ce2ac3i2e3anj4a2i3r4ri5i2n4nw5a3yk4kq5j4j5r6a5ck6k7c4c5e6i7e8	2f6ad89296f7e1e79ee4eff181	99	0.073769	0.034049	0.040967
2dntca_b1c3nj4a2in4n5a3k4k5j4tjz5q6ack7c4c6ei7e8s01e3ia2k3jr4ri5i2n3q4n5a3k4kq5j4tjz5q6a4e5y7c6e7e8	3b9629635edae6b69e815a5e02	50	0.019445	0.003827	0.004387
2dntca_b2a3ar4wyqtz5q6a5y6ckn7c4c6i7e8s2a3aj4a2i3re5i2n3c4w3k4kj5n4z5rq6a4e5cy6cke	1384bbf3f0da584d09c2c88088	99	0.486792	0.221466	0.237975
2dntca_b01ce2ac3i2e3aj4a2i3re4r2n3c4y5j4j5n4z5rq6a5cy6c5k4cs1ce2a3i2ek3j2i3re4i2n4nkq5jn4e5c6c5k6kn5e	0045c6f8269fa82435cf56ecff	99	0.032391	0.006873	0.466892
2dntca_b1e2ace3a2ki3e4r2n4w3y4yj5rq6a4e5cy6c5k6k5e6ei7e8s1e2a3aj2i3r4i5i2n3q4w3y4tjze5y6k7c	131a8d7c583c89551ccd48c1dc	99	0.107442	0.039108	0.495771
2dntca_b2ce3a2k3nj4a2i3r4i5i3cy4kq5j4t5q6ac5k6kn7c4c5e6ei7e8s1ce3i2e3an2i3e4i5i4n5a3y5j4t5n6a5yk6k7c4c5e6e7e8	3bfefd222c3875a02d732e6fd0	52	0.018810	0.003741	0.005012
2dntca_b3i2e3ar4ri5i4n5a3k5j4t5r6a4e6cn7c6es1ce2cek4a2i3re4ri5i2n3cq4n3yk4y5j4jz5rq6a5c6kn7c6i7e8	2c13b0a7d574623e8ffa9560e0	99	0.626687	0.160642	0.474558
2dntca_b01ce2c3i2k4ai5i3c4wkyqz5q6a5yk7c4c5e6e8s1c2a3i2ek3n4a3re4i5i2n3cq4w5a3k4kyq5jnr7c5e6ei7e	1cde2410a7da1cdd2db0b6a937	99	0.742426	0.102272	0.468217
2dntca_b2c3i2e3a4a3e4i3q4w3k4ke5cs1ce3ianjrecqyk6ackn7c6ei7e	0c83820e0060061941946a68f0	99	0.327374	0.150920	0.148754
2dntca_b3i2e3aj2i4ri3c4n5a3k4yt5cy6knei7e8s1c2e3njr4ri5i2n3q4nw5a3k4kytz6kn7c4c6i	1733981849c04af6ae996424e0	24	0.016959	0.002293	0.004108
2dntca_b01ce2a3i2k3nj4ai5i3cq5a4yj5nrq6a4e5c6kn7c4c6i8s01c2ae3a2k3nj2i3e4r2n4n3k4kqtjz5y6n4c	1125390c5add882663707cbf2f	99	0.024534	0.006396	0.465562
2dntca_b01e2c3i2e3a2k3n4a2i3re4r2n4w5a3yk4qtjz5q6a4e5c6kn7c6es01ce2c3i2e3aj4a2i5ij4tj5nyk6ki8	2410f90c3c1ad303184fcf7bf5	99	0.421191	0.099574	0.488767
2dntca_b01ce2a3i2ek3nr2n3cq4nw3yk4yq5j4j5n4z5rq6a4e6kn7c4c7es01ce2ac3ian4r3q5a4qt5rq4e5ck4c	022478c58a1fbb91f2022bf36f	99	0.084184	0.036064	0.460246
2dntca_b01ce2a3i2e3a2k3j2i3r4i5i3cyk4k5jnr6a5cyk6kn7c4c6e7e8s01c2a3ia2k3j4a3r4ri5i2n3q4nw5a3yk4yq5j4t5nqcy6ck7c6e7e8	3a96bf992f7527f42eb3dab5ef	99	0.189660	0.118959	0.063754
2dntca_b2a3r4i5i3qk4ky5j4t6ac5k6n7c5e8s2a3ije4nw3yk4y5j4j5n4z5q6a5c6c5k6k7c5e7e	184af6a375706e604132428008	99	0.257368	0.143306	0.097058
2dntca_b2c3ar4ri5i2n3qk4kyq5j4j5n4z5rq6a4e6ckn7c4c5e6es1c2ak4a3e4nw5a3k4kyj5q6a4e5yk6k7c6e	009ef96711dfbee0513a90a090	87	0.019995	0.009994	0.012300
2dntca_b3i2e3re4r5i3c4n3y4kq5j4tj5n4z6a4e5yk6kn7c4c7es1e2ac3iaj2i4ri3c4w3y4qz5q4e5c6n7c4c6i	06273cd54233f548a66e4bc060	99	0.101485	0.034487	0.042117
2dntca_b2c3i2e3nj2i3r4r2n4w3k4kyt5rq4e5cyk6n7c4c5e6e8s1c4a2i5i4n3y4qtjz5rq4e5c6ck5e8	305cb6ddda2c4e21184b802670	99	0.024780	0.000758	0.007942
2dntca_b1ce3i2e3jre4rw3k4qtj5n4z6a4e5c6kni7es01c3aj2i3re2n3k4kyqtjz5q4e5c6c5k6knei	0781dacd5bd3d20501ce483466	99	0.317910	0.142049	0.498325
2dntca_b2c3ia2i4i5i2n4nw3y4yq5j4t5n6ac4c6i8s02cek3j4a3r4r5i3qyk4kyt5n4z5r6a5cy6c5e6i7e8	3d4403a2e9f179119ab1d510b0	92	0.019856	0.011568	0.023983
2dntca_b01ce2a3aj4a3r4ri5i3q4nw5a3k5j4tj6a4e5k6k7c4c5e8s02acek3n4a2i3r4r3c4n5a3y4yq5j4t5n4z5rq6a4e5yk6kn7c4c5e6ei7e	1cefed47ef30e2abc2fab59c8f	99	0.553346	0.130759	0.323692
2dntca_b2a3ij4ri5i3cq4nkjz5rq6n4c6i8s2c3nj4a3e2n4n3y4ytj5r6ac5ke8	31445202992e8424e138e10428	99	0.560029	0.153543	0.313754
2dntca_b2c3an4a2i3e4n3yk4kt5n4z5rqy6cn7c4c5e6ei7es1ce3an4a3e4r3q4kyj5n4z5r4e5yk6k4c5e6e7e8	2bfcf170f18f47108305a86a90	99	0.028728	0.016089	0.022629
2dntca_b1e2c3i2e3anj4ri5i2n3q4nw5a3k4k5jnrq6a4e5cy6c5k6kn7c6ei7e8s01e2ace3j4ai2n3c5a3y4yz5r4e6k7c4c5e6ei7e	1ff2bc7cc13d268fd438c5d6f4	99	0.499376	0.149358	0.437050
2dntca_b2a3je4r5i3cq4nwqj5n4z5rq6a4e5c6k4c6ei8s1c3ine4i5i2n3cq4yq5j4tj5r6ani8	3515080e9f1f901ded2c222408	99	0.394759	0.165597	0.149621
2dntca_b3i2e3an4a3r4i5i2n4n3y4kyj5r6a4e5cy6ks1e2a3r4r5i4nytj5n4z5rq6a4e5cyk6k7c4c7e	0822c9dff9148d209ab200cae0	99	0.026633	0.004387	0.010825
2dntca_b3i2e3njre5i3q4nkyj5rqc6c5k6nei7es2ace3a4ar3q5a3y4y5j4j6a4e5cyk6k7c5e6i7e8	2f52d5ea152c8c90c2268d8660	99	0.080768	0.028168	0.030638
2dntca_b01ce2ace3a2k3re4i2n3cqy4y5n6c5k6kn4c6ei7es01ce2c3i2k3nj4a3e4r3c4w3yk4ky5j4j5rq4e5cyk6kni	0715dde195e109487316f371df	99	0.072341	0.014667	0.478433
2dntca_b01c2a3i2k3n4a3re4i2n3cq5a4y5jn4z5rq6a4e5y6c5k6k5e6ei7e8s04ar3c4w3k4yq5j4z5rq4e5cy7c4c5e6ei8	37fa0df5c75f284a7216801b2b	99	0.216327	0.081999	0.485787
2dntca_b03a2k3e5i2n4nw5a3y5j4tj5n4z5r6a5y6kn5e6i7es01ce2ac3i2e3anj4a2i3r4ri5i2n4nw5a3yk4kq5j4j5r6a5ck6k7c4c5e6i7e8	2f6ad89296f7e1e79ee4eff181	99	0.073769	0.034049	0.040967
2dntca_b1c3nj4a2in4n5a3k4k5j4tjz5q6ack7c4c6ei7e8s01e3ia2k3jr4ri5i2n3q4n5a3k4kq5j4tjz5q6a4e5y7c6e7e8	3b9629635edae6b69e815a5e02	50	0.019445	0.003827	0.004387
2dntca_b2a3ar4wyqtz5q6a5y6ckn7c4c6i7e8s2a3aj4a2i3re5i2n3c4w3k4kj5n4z5rq6a4e5cy6cke	1384bbf3f0da584d09c2c88088	99	0.486792	0.221466	0.237975
2dntca_b01ce2ac3i2e3aj4a2i3re4r2n3c4y5j4j5n4z5rq6a5cy6c5k4cs1ce2a3i2ek3j2i3re4i2n4nkq5jn4e5c6c5k6kn5e	0045c6f8269fa82435cf56ecff	99	0.032391	0.006873	0.466892
2dntca_b1e2ace3a2ki3e4r2n4w3y4yj5rq6a4e5cy6c5k6k5e6ei7e8s1e2a3aj2i3r4i5i2n3q4w3y4tjze5y6k7c	131a8d7c583c89551ccd48c1dc	99	0.107442	0.039108	0.495771
2dntca_b2ce3a2k3nj4a2i3r4i5i3cy4kq5j4t5q6ac5k6kn7c4c5e6ei7e8s1ce3i2e3an2i3e4i5i4n5a3y5j4t5n6a5yk6k7c4c5e6e7e8	3bfefd222c3875a02d732e6fd0	52	0.018810	0.003741	0.005012
2dntca_b3i2e3ar4ri5i4n5a3k5j4t5r6a4e6cn7c6es1ce2cek4a2i3re4ri5i2n3cq4n3yk4y5j4jz5rq6a5c6kn7c6i7e8	2c13b0a7d574623e8ffa9560e0	99	0.626687	0.160642	0.474558
2dntca_b01ce2c3i2k4ai5i3c4wkyqz5q6a5yk7c4c5e6e8s1c2a3i2ek3n4a3re4i5i2n3cq4w5a3k4kyq5jnr7c5e6ei7e	1cde2410a7da1cdd2db0b6a937	99	0.742426	0.102272	0.468217
2dntca_b01ce2c3i2k4ai5i3c4wkyqz5q6a5yk7c4c5e6e8s1c2a3i2ek3n4a3re4i5i2n3cq4w5a3k4kyq5jnr7c5e6ei7e	1cde2410a7da1cdd2db0b6a937	99	0.742426	0.102272	0.468217
2dntca_b01ce2c3i2k4ai5i3c4wkyqz5q6a5yk7c4c5e6e8s1c2a3i2ek3n4a3re4i5i2n3cq4w5a3k4kyq5jnr7c5e6ei7e	1cde2410a7da1cdd2db0b6a937	99	0.742426	0.102272	0.468217
2dntca_b01ce2c3i2k4ai5i3c4wkyqz5q6a5yk7c4c5e6e8s1c2a3i2ek3n4a3re4i5i2n3cq4w5a3k4kyq5jnr7c5e6ei7e	1cde2410a7da1cdd2db0b6a937	99	0.742426	0.102272	0.468217
2dntca_b01ce2c3i2k4ai5i3c4wkyqz5q6a5yk7c4c5e6e8s1c2a3i2ek3n4a3re4i5i2n3cq4w5a3k4kyq5jnr7c5e6ei7e	1cde2410a7da1cdd2db0b6a937	99	0.742426	0.102272	0.468217
2dntca_b01ce2c3i2k4ai5i3c4wkyqz5q6a5yk7c4c5e6e8s1c2a3i2ek3n4a3re4i5i2n3cq4w5a3k4kyq5jnr7c5e6ei7e	1cde2410a7da1cdd2db0b6a937	99	0.742426	0.102272	0.468217
2dntca_b01ce2c3i2k4ai5i3c4wkyqz5q6a5yk7c4c5e6e8s1c2a3i2ek3n4a3re4i5i2n3cq4w5a3k4kyq5jnr7c5e6ei7e	1cde2410a7da1cdd2db0b6a937	99	0.742426	0.102272	0.468217
2dntca_b01ce2c3i2k4ai5i3c4wkyqz5q6a5yk7c4c5e6e8s1c2a3i2ek3n4a3re4i5i2n3cq4w5a3k4kyq5jnr7c5e6ei7e	1cde2410a7da1cdd2db0b6a937	99	0.742426	0.102272	0.468217
2dntca_b01ce2c3i2k4ai5i3c4wkyqz5q6a5yk7c4c5e6e8s1c2a3i2ek3n4a3re4i5i2n3cq4w5a3k4kyq5jnr7c5e6ei7e	1cde2410a7da1cdd2db0b6a937	99	0.742426	0.102272	0.468217
2dntca_b01ce2c3i2k4ai5i3c4wkyqz5q6a5yk7c4c5e6e8s1c2a3i2ek3n4a3re4i5i2n3cq4w5a3k4kyq5jnr7c5e6ei7e	1cde2410a7da1cdd2db0b6a937	99	0.742426	0.102272	0.468217
2dntca_b01ce2c3i2k4ai5i3c4wkyqz5q6a5yk7c4c5e6e8s1c2a3i2ek3n4a3re4i5i2n3cq4w5a3k4kyq5jnr7c5e6ei7e	1cde2410a7da1cdd2db0b6a937	99	0.742426	0.102272	0.468217
2dntca_b01ce2c3i2k4ai5i3c4wkyqz5q6a5yk7c4c5e6e8s1c2a3i2ek3n4a3re4i5i2n3cq4w5a3k4kyq5jnr7c5e6ei7e	1cde2410a7da1cdd2db0b6a937	99	0.742426	0.102272	0.468217
