time,infection
1950,2064
1950.00274,2092
1950.005479,2117
1950.008219,2138
1950.010959,2157
1950.013699,2315
1950.016438,2453
1950.019178,2574
1950.021918,2680
1950.024658,2773
1950.027397,2854
1950.030137,2924
1950.032877,2986
1950.035616,3041
1950.038356,3088
1950.041096,3130
1950.043836,3166
1950.046575,3198
1950.049315,3226
1950.052055,3250
1950.054795,3271
1950.057534,3290
1950.060274,3306
1950.063014,3321
1950.065753,3333
1950.068493,3344
1950.071233,3392
1950.073973,3435
1950.076712,3472
1950.079452,3504
1950.082192,3533
1950.084932,3558
1950.087671,3579
1950.090411,3780
1950.093151,3955
1950.09589,4109
1950.09863,4243
1950.10137,4360
1950.10411,4463
1950.106849,4553
1950.109589,4761
1950.112329,4944
1950.115068,5103
1950.117808,5243
1950.120548,5365
1950.123288,5472
1950.126027,5565
1950.128767,5699
1950.131507,5815
1950.134247,5918
1950.136986,6007
1950.139726,6085
1950.142466,6154
1950.145205,6214
1950.147945,6357
1950.150685,6482
1950.153425,6592
1950.156164,6688
1950.158904,6772
1950.161644,6845
1950.164384,6909
1950.167123,6901
1950.169863,6893
1950.172603,6887
1950.175342,6881
1950.178082,6876
1950.180822,6872
1950.183562,6868
1950.186301,7020
1950.189041,7153
1950.191781,7269
1950.194521,7371
1950.19726,7461
1950.2,7539
1950.20274,7607
1950.205479,6902
1950.208219,6285
1950.210959,5746
1950.213699,5274
1950.216438,4861
1950.219178,4499
1950.221918,4183
1950.224658,4710
1950.227397,5170
1950.230137,5573
1950.232877,5926
1950.235616,6235
1950.238356,6505
1950.241096,6741
1950.243836,7052
1950.246575,7323
1950.249315,7561
1950.252055,7769
1950.254795,7951
1950.257534,8110
1950.260274,8250
1950.263014,8229
1950.265753,8211
1950.268493,8195
1950.271233,8181
1950.273973,8169
1950.276712,8159
1950.279452,8149
1950.282192,8582
1950.284932,8960
1950.287671,9291
1950.290411,9581
1950.293151,9835
1950.29589,10056
1950.29863,10251
1950.30137,10226
1950.30411,10204
1950.306849,10186
1950.309589,10169
1950.312329,10155
1950.315068,10142
1950.317808,10131
1950.320548,10031
1950.323288,9943
1950.326027,9866
1950.328767,9799
1950.331507,9740
1950.334247,9688
1950.336986,9643
1950.339726,9591
1950.342466,9545
1950.345205,9505
1950.347945,9470
1950.350685,9440
1950.353425,9413
1950.356164,9389
1950.358904,9550
1950.361644,9691
1950.364384,9814
1950.367123,9922
1950.369863,10016
1950.372603,10098
1950.375342,10170
1950.378082,10519
1950.380822,10823
1950.383562,11090
1950.386301,11323
1950.389041,11528
1950.391781,11706
1950.394521,11862
1950.39726,12103
1950.4,12313
1950.40274,12497
1950.405479,12658
1950.408219,12799
1950.410959,12922
1950.413699,13030
1950.416438,13254
1950.419178,13450
1950.421918,13621
1950.424658,13772
1950.427397,13903
1950.430137,14018
1950.432877,14118
1950.435616,14323
1950.438356,14502
1950.441096,14658
1950.443836,14795
1950.446575,14915
1950.449315,15020
1950.452055,15112
1950.454795,14842
1950.457534,14607
1950.460274,14400
1950.463014,14220
1950.465753,14062
1950.468493,13924
1950.471233,13803
1950.473973,13749
1950.476712,13702
1950.479452,13660
1950.482192,13624
1950.484932,13592
1950.487671,13564
1950.490411,13540
1950.493151,13480
1950.49589,13428
1950.49863,13381
1950.50137,13341
1950.50411,13306
1950.506849,13275
1950.509589,13248
1950.512329,13238
1950.515068,13228
1950.517808,13220
1950.520548,13213
1950.523288,13207
1950.526027,13201
1950.528767,13197
1950.531507,13257
1950.534247,13310
1950.536986,13357
1950.539726,13397
1950.542466,13433
1950.545205,13464
1950.547945,13491
1950.550685,13411
1950.553425,13341
1950.556164,13280
1950.558904,13227
1950.561644,13180
1950.564384,13139
1950.567123,13103
1950.569863,12981
1950.572603,12874
1950.575342,12781
1950.578082,12699
1950.580822,12628
1950.583562,12565
1950.586301,12510
1950.589041,12410
1950.591781,12323
1950.594521,12247
1950.59726,12180
1950.6,12121
1950.60274,12070
1950.605479,12025
1950.608219,11701
1950.610959,11418
1950.613699,11169
1950.616438,10952
1950.619178,10762
1950.621918,10596
1950.624658,10450
1950.627397,10155
1950.630137,9896
1950.632877,9670
1950.635616,9471
1950.638356,9298
1950.641096,9146
1950.643836,9014
1950.646575,8677
1950.649315,8383
1950.652055,8125
1950.654795,7900
1950.657534,7703
1950.660274,7530
1950.663014,7379
1950.665753,7079
1950.668493,6816
1950.671233,6586
1950.673973,6384
1950.676712,6208
1950.679452,6054
1950.682192,5919
1950.684932,5646
1950.687671,5406
1950.690411,5197
1950.693151,5014
1950.69589,4853
1950.69863,4713
1950.70137,4590
1950.70411,4470
1950.706849,4365
1950.709589,4273
1950.712329,4192
1950.715068,4121
1950.717808,4060
1950.720548,4006
1950.723288,3997
1950.726027,3990
1950.728767,3983
1950.731507,3978
1950.734247,3973
1950.736986,3969
1950.739726,3965
1950.742466,4013
1950.745205,4056
1950.747945,4093
1950.750685,4125
1950.753425,4154
1950.756164,4179
1950.758904,4201
1950.761644,4388
1950.764384,4552
1950.767123,4696
1950.769863,4821
1950.772603,4931
1950.775342,5027
1950.778082,5112
1950.780822,5392
1950.783562,5638
1950.786301,5853
1950.789041,6042
1950.791781,6206
1950.794521,6350
1950.79726,6476
1950.8,6742
1950.80274,6975
1950.805479,7178
1950.808219,7356
1950.810959,7512
1950.813699,7648
1950.816438,7767
1950.819178,8014
1950.821918,8230
1950.824658,8419
1950.827397,8585
1950.830137,8730
1950.832877,8856
1950.835616,8967
1950.838356,9284
1950.841096,9562
1950.843836,9805
1950.846575,10017
1950.849315,10203
1950.852055,10366
1950.854795,10508
1950.857534,10814
1950.860274,11082
1950.863014,11317
1950.865753,11522
1950.868493,11701
1950.871233,11858
1950.873973,11995
1950.876712,12362
1950.879452,12682
1950.882192,12963
1950.884932,13208
1950.887671,13423
1950.890411,13611
1950.893151,13775
1950.89589,14139
1950.89863,14457
1950.90137,14736
1950.90411,14980
1950.906849,15193
1950.909589,15380
1950.912329,15543
1950.915068,15855
1950.917808,16127
1950.920548,16366
1950.923288,16574
1950.926027,16757
1950.928767,16916
1950.931507,17056
1950.934247,17619
1950.936986,18111
1950.939726,18542
1950.942466,18919
1950.945205,19249
1950.947945,19538
1950.950685,19791
1950.953425,19934
1950.956164,20059
1950.958904,20169
1950.961644,20265
1950.964384,20349
1950.967123,20423
1950.969863,20487
1950.972603,20569
1950.975342,20641
1950.978082,20704
1950.980822,20759
1950.983562,20807
1950.986301,20849
1950.989041,20886
1950.991781,21475
1950.994521,21991
1950.99726,22442
1951,22837
1951.00274,23183
1951.005479,23485
1951.008219,23750
1951.010959,23878
1951.013699,23991
1951.016438,24089
1951.019178,24176
1951.021918,24251
1951.024658,24317
1951.027397,24375
1951.030137,24002
1951.032877,23676
1951.035616,23391
1951.038356,23142
1951.041096,22923
1951.043836,22732
1951.046575,22565
1951.049315,22029
1951.052055,21561
1951.054795,21150
1951.057534,20792
1951.060274,20478
1951.063014,20203
1951.065753,19963
1951.068493,19752
1951.071233,19568
1951.073973,19407
1951.076712,19266
1951.079452,19143
1951.082192,19035
1951.084932,18941
1951.087671,18909
1951.090411,18881
1951.093151,18857
1951.09589,18835
1951.09863,18817
1951.10137,18800
1951.10411,18786
1951.106849,19535
1951.109589,20191
1951.112329,20764
1951.115068,21266
1951.117808,21705
1951.120548,22090
1951.123288,22426
1951.126027,23143
1951.128767,23771
1951.131507,24320
1951.134247,24801
1951.136986,25221
1951.139726,25589
1951.142466,25911
1951.145205,26650
1951.147945,27296
1951.150685,27862
1951.153425,28356
1951.156164,28789
1951.158904,29168
1951.161644,29500
1951.164384,29993
1951.167123,30424
1951.169863,30802
1951.172603,31132
1951.175342,31421
1951.178082,31674
1951.180822,31896
1951.183562,32072
1951.186301,32227
1951.189041,32362
1951.191781,32481
1951.194521,32584
1951.19726,32675
1951.2,32754
1951.20274,33213
1951.205479,33614
1951.208219,33966
1951.210959,34273
1951.213699,34542
1951.216438,34777
1951.219178,34983
1951.221918,34588
1951.224658,34242
1951.227397,33939
1951.230137,33674
1951.232877,33443
1951.235616,33240
1951.238356,33062
1951.241096,33398
1951.243836,33691
1951.246575,33948
1951.249315,34173
1951.252055,34370
1951.254795,34542
1951.257534,34692
1951.260274,34469
1951.263014,34273
1951.265753,34102
1951.268493,33952
1951.271233,33821
1951.273973,33706
1951.276712,33606
1951.279452,32638
1951.282192,31791
1951.284932,31050
1951.287671,30401
1951.290411,29834
1951.293151,29337
1951.29589,28903
1951.29863,28015
1951.30137,27238
1951.30411,26558
1951.306849,25963
1951.309589,25443
1951.312329,24988
1951.315068,24589
1951.317808,24088
1951.320548,23650
1951.323288,23266
1951.326027,22931
1951.328767,22637
1951.331507,22380
1951.334247,22155
1951.336986,22009
1951.339726,21882
1951.342466,21770
1951.345205,21672
1951.347945,21587
1951.350685,21512
1951.353425,21446
1951.356164,21609
1951.358904,21751
1951.361644,21876
1951.364384,21985
1951.367123,22080
1951.369863,22163
1951.372603,22236
1951.375342,22097
1951.378082,21976
1951.380822,21869
1951.383562,21776
1951.386301,21694
1951.389041,21623
1951.391781,21560
1951.394521,21607
1951.39726,21648
1951.4,21684
1951.40274,21716
1951.405479,21743
1951.408219,21767
1951.410959,21789
1951.413699,21299
1951.416438,20871
1951.419178,20496
1951.421918,20168
1951.424658,19881
1951.427397,19630
1951.430137,19411
1951.432877,19100
1951.435616,18828
1951.438356,18590
1951.441096,18382
1951.443836,18200
1951.446575,18041
1951.449315,17902
1951.452055,17407
1951.454795,16975
1951.457534,16596
1951.460274,16265
1951.463014,15975
1951.465753,15721
1951.468493,15500
1951.471233,15187
1951.473973,14913
1951.476712,14674
1951.479452,14465
1951.482192,14281
1951.484932,14121
1951.487671,13981
1951.490411,13672
1951.493151,13402
1951.49589,13165
1951.49863,12958
1951.50137,12777
1951.50411,12619
1951.506849,12480
1951.509589,12139
1951.512329,11840
1951.515068,11578
1951.517808,11350
1951.520548,11150
1951.523288,10974
1951.526027,10821
1951.528767,10569
1951.531507,10348
1951.534247,10154
1951.536986,9985
1951.539726,9837
1951.542466,9708
1951.545205,9594
1951.547945,9292
1951.550685,9028
1951.553425,8796
1951.556164,8594
1951.558904,8416
1951.561644,8261
1951.564384,8126
1951.567123,7855
1951.569863,7618
1951.572603,7410
1951.575342,7229
1951.578082,7070
1951.580822,6931
1951.583562,6809
1951.586301,6669
1951.589041,6546
1951.591781,6439
1951.594521,6345
1951.59726,6262
1951.6,6191
1951.60274,6128
1951.605479,5886
1951.608219,5675
1951.610959,5491
1951.613699,5329
1951.616438,5188
1951.619178,5064
1951.621918,4956
1951.624658,4793
1951.627397,4651
1951.630137,4527
1951.632877,4418
1951.635616,4323
1951.638356,4239
1951.641096,4166
1951.643836,3984
1951.646575,3825
1951.649315,3685
1951.652055,3563
1951.654795,3456
1951.657534,3363
1951.660274,3281
1951.663014,3142
1951.665753,3020
1951.668493,2913
1951.671233,2820
1951.673973,2738
1951.676712,2667
1951.679452,2604
1951.682192,2482
1951.684932,2375
1951.687671,2281
1951.690411,2199
1951.693151,2127
1951.69589,2065
1951.69863,2010
1951.70137,1928
1951.70411,1856
1951.706849,1793
1951.709589,1738
1951.712329,1690
1951.715068,1648
1951.717808,1612
1951.720548,1562
1951.723288,1519
1951.726027,1482
1951.728767,1449
1951.731507,1420
1951.734247,1395
1951.736986,1373
1951.739726,1387
1951.742466,1400
1951.745205,1411
1951.747945,1421
1951.750685,1429
1951.753425,1437
1951.756164,1443
1951.758904,1466
1951.761644,1486
1951.764384,1503
1951.767123,1519
1951.769863,1532
1951.772603,1544
1951.775342,1554
1951.778082,1597
1951.780822,1634
1951.783562,1667
1951.786301,1695
1951.789041,1720
1951.791781,1742
1951.794521,1762
1951.79726,1795
1951.8,1825
1951.80274,1850
1951.805479,1873
1951.808219,1893
1951.810959,1910
1951.813699,1925
1951.816438,1972
1951.819178,2013
1951.821918,2049
1951.824658,2081
1951.827397,2109
1951.830137,2133
1951.832877,2154
1951.835616,2172
1951.838356,2188
1951.841096,2203
1951.843836,2215
1951.846575,2226
1951.849315,2235
1951.852055,2244
1951.854795,2234
1951.857534,2226
1951.860274,2218
1951.863014,2212
1951.865753,2206
1951.868493,2201
1951.871233,2197
1951.873973,2227
1951.876712,2253
1951.879452,2276
1951.882192,2297
1951.884932,2314
1951.887671,2330
1951.890411,2343
1951.893151,2338
1951.89589,2333
1951.89863,2330
1951.90137,2326
1951.90411,2323
1951.906849,2320
1951.909589,2318
1951.912329,2367
1951.915068,2410
1951.917808,2447
1951.920548,2480
1951.923288,2508
1951.926027,2533
1951.928767,2555
1951.931507,2574
1951.934247,2591
1951.936986,2606
1951.939726,2619
1951.942466,2630
1951.945205,2640
1951.947945,2648
1951.950685,2673
1951.953425,2694
1951.956164,2713
1951.958904,2729
1951.961644,2743
1951.964384,2756
1951.967123,2767
1951.969863,2760
1951.972603,2753
1951.975342,2748
1951.978082,2743
1951.980822,2738
1951.983562,2735
1951.986301,2731
1951.989041,2729
1951.991781,2726
1951.994521,2724
1951.99726,2722
1952,2720
1952.00274,2719
1952.005479,2718
1952.008219,2870
1952.010959,3003
1952.013699,3120
1952.016438,3222
1952.019178,3312
1952.021918,3390
1952.024658,3458
1952.027397,3433
1952.030137,3410
1952.032877,3390
1952.035616,3373
1952.038356,3358
1952.041096,3345
1952.043836,3333
1952.046575,3313
1952.049315,3294
1952.052055,3278
1952.054795,3264
1952.057534,3252
1952.060274,3242
1952.063014,3232
1952.065753,3235
1952.068493,3237
1952.071233,3239
1952.073973,3241
1952.076712,3242
1952.079452,3243
1952.082192,3245
1952.084932,3320
1952.087671,3387
1952.090411,3445
1952.093151,3496
1952.09589,3540
1952.09863,3579
1952.10137,3613
1952.10411,3793
1952.106849,3950
1952.109589,4087
1952.112329,4208
1952.115068,4313
1952.117808,4405
1952.120548,4486
1952.123288,4631
1952.126027,4759
1952.128767,4870
1952.131507,4967
1952.134247,5053
1952.136986,5127
1952.139726,5192
1952.142466,5356
1952.145205,5500
1952.147945,5626
1952.150685,5736
1952.153425,5832
1952.156164,5916
1952.158904,5990
1952.161644,6118
1952.164384,6231
1952.167123,6329
1952.169863,6415
1952.172603,6491
1952.175342,6557
1952.178082,6614
1952.180822,6761
1952.183562,6890
1952.186301,7002
1952.189041,7100
1952.191781,7186
1952.194521,7262
1952.19726,7327
1952.2,7417
1952.20274,7496
1952.205479,7565
1952.208219,7625
1952.210959,7677
1952.213699,7723
1952.216438,7764
1952.219178,7767
1952.221918,7769
1952.224658,7772
1952.227397,7774
1952.230137,7776
1952.232877,7777
1952.235616,7779
1952.238356,7791
1952.241096,7801
1952.243836,7810
1952.246575,7818
1952.249315,7825
1952.252055,7831
1952.254795,7837
1952.257534,7820
1952.260274,7805
1952.263014,7793
1952.265753,7781
1952.268493,7772
1952.271233,7763
1952.273973,7755
1952.276712,7556
1952.279452,7382
1952.282192,7230
1952.284932,7096
1952.287671,6979
1952.290411,6877
1952.293151,6788
1952.29589,6902
1952.29863,7002
1952.30137,7090
1952.30411,7167
1952.306849,7234
1952.309589,7292
1952.312329,7344
1952.315068,7399
1952.317808,7448
1952.320548,7490
1952.323288,7528
1952.326027,7560
1952.328767,7589
1952.331507,7614
1952.334247,7336
1952.336986,7093
1952.339726,6880
1952.342466,6694
1952.345205,6532
1952.347945,6389
1952.350685,6264
1952.353425,6113
1952.356164,5980
1952.358904,5864
1952.361644,5762
1952.364384,5673
1952.367123,5595
1952.369863,5527
1952.372603,5649
1952.375342,5756
1952.378082,5850
1952.380822,5932
1952.383562,6003
1952.386301,6066
1952.389041,6121
1952.391781,6244
1952.394521,6351
1952.39726,6446
1952.4,6528
1952.40274,6600
1952.405479,6663
1952.408219,6718
1952.410959,6820
1952.413699,6909
1952.416438,6987
1952.419178,7055
1952.421918,7115
1952.424658,7167
1952.427397,7213
1952.430137,7210
1952.432877,7207
1952.435616,7205
1952.438356,7203
1952.441096,7202
1952.443836,7200
1952.446575,7199
1952.449315,7337
1952.452055,7458
1952.454795,7563
1952.457534,7656
1952.460274,7737
1952.463014,7807
1952.465753,7869
1952.468493,7774
1952.471233,7690
1952.473973,7617
1952.476712,7553
1952.479452,7497
1952.482192,7447
1952.484932,7405
1952.487671,7442
1952.490411,7474
1952.493151,7503
1952.49589,7528
1952.49863,7550
1952.50137,7569
1952.50411,7586
1952.506849,7590
1952.509589,7593
1952.512329,7596
1952.515068,7599
1952.517808,7602
1952.520548,7604
1952.523288,7605
1952.526027,7725
1952.528767,7829
1952.531507,7920
1952.534247,8000
1952.536986,8070
1952.539726,8131
1952.542466,8184
1952.545205,8178
1952.547945,8172
1952.550685,8167
1952.553425,8163
1952.556164,8159
1952.558904,8155
1952.561644,8152
1952.564384,8171
1952.567123,8188
1952.569863,8202
1952.572603,8215
1952.575342,8226
1952.578082,8235
1952.580822,8244
1952.583562,8251
1952.586301,8258
1952.589041,8263
1952.591781,8268
1952.594521,8273
1952.59726,8276
1952.6,8280
1952.60274,8240
1952.605479,8205
1952.608219,8174
1952.610959,8147
1952.613699,8124
1952.616438,8103
1952.619178,8086
1952.621918,7941
1952.624658,7815
1952.627397,7705
1952.630137,7608
1952.632877,7524
1952.635616,7450
1952.638356,7385
1952.641096,7200
1952.643836,7039
1952.646575,6897
1952.649315,6773
1952.652055,6665
1952.654795,6570
1952.657534,6487
1952.660274,6190
1952.663014,5930
1952.665753,5702
1952.668493,5503
1952.671233,5329
1952.673973,5176
1952.676712,5043
1952.679452,4830
1952.682192,4643
1952.684932,4480
1952.687671,4337
1952.690411,4212
1952.693151,4103
1952.69589,4008
1952.69863,3849
1952.70137,3710
1952.70411,3589
1952.706849,3483
1952.709589,3390
1952.712329,3309
1952.715068,3237
1952.717808,3196
1952.720548,3161
1952.723288,3129
1952.726027,3102
1952.728767,3078
1952.731507,3057
1952.734247,3038
1952.736986,3119
1952.739726,3189
1952.742466,3250
1952.745205,3304
1952.747945,3351
1952.750685,3392
1952.753425,3428
1952.756164,3663
1952.758904,3868
1952.761644,4048
1952.764384,4205
1952.767123,4343
1952.769863,4463
1952.772603,4569
1952.775342,4811
1952.778082,5023
1952.780822,5208
1952.783562,5370
1952.786301,5512
1952.789041,5636
1952.791781,5745
1952.794521,6129
1952.79726,6465
1952.8,6758
1952.80274,7016
1952.805479,7241
1952.808219,7438
1952.810959,7610
1952.813699,7953
1952.816438,8254
1952.819178,8517
1952.821918,8747
1952.824658,8948
1952.827397,9124
1952.830137,9278
1952.832877,9702
1952.835616,10072
1952.838356,10397
1952.841096,10681
1952.843836,10929
1952.846575,11146
1952.849315,11336
1952.852055,11513
1952.854795,11668
1952.857534,11804
1952.860274,11923
1952.863014,12026
1952.865753,12117
1952.868493,12197
1952.871233,12373
1952.873973,12528
1952.876712,12663
1952.879452,12781
1952.882192,12885
1952.884932,12975
1952.887671,13055
1952.890411,13135
1952.893151,13205
1952.89589,13266
1952.89863,13320
1952.90137,13366
1952.90411,13407
1952.906849,13443
1952.909589,13860
1952.912329,14224
1952.915068,14543
1952.917808,14822
1952.920548,15067
1952.923288,15280
1952.926027,15467
1952.928767,15823
1952.931507,16135
1952.934247,16408
1952.936986,16646
1952.939726,16855
1952.942466,17038
1952.945205,17198
1952.947945,17562
1952.950685,17881
1952.953425,18160
1952.956164,18405
1952.958904,18618
1952.961644,18805
1952.964384,18969
1952.967123,19369
1952.969863,19719
1952.972603,20025
1952.975342,20293
1952.978082,20528
1952.980822,20733
1952.983562,20912
1952.986301,20310
1952.989041,19783
1952.991781,19321
1952.994521,18917
1952.99726,18564
1953,18255
1953.00274,17985
1953.005479,20183
1953.008219,22107
1953.010959,23790
1953.013699,25262
1953.016438,26551
1953.019178,27679
1953.021918,28665
1953.024658,28690
1953.027397,28712
1953.030137,28731
1953.032877,28748
1953.035616,28763
1953.038356,28775
1953.041096,28787
1953.043836,28302
1953.046575,27878
1953.049315,27508
1953.052055,27183
1953.054795,26899
1953.057534,26651
1953.060274,26434
1953.063014,26318
1953.065753,26217
1953.068493,26129
1953.071233,26052
1953.073973,25984
1953.076712,25925
1953.079452,25873
1953.082192,26517
1953.084932,27080
1953.087671,27572
1953.090411,28003
1953.093151,28380
1953.09589,28710
1953.09863,28999
1953.10137,29955
1953.10411,30792
1953.106849,31524
1953.109589,32165
1953.112329,32725
1953.115068,33216
1953.117808,33645
1953.120548,34155
1953.123288,34602
1953.126027,34993
1953.128767,35335
1953.131507,35634
1953.134247,35896
1953.136986,36125
1953.139726,36400
1953.142466,36641
1953.145205,36852
1953.147945,37036
1953.150685,37197
1953.153425,37339
1953.156164,37462
1953.158904,37286
1953.161644,37131
1953.164384,36996
1953.167123,36878
1953.169863,36774
1953.172603,36684
1953.175342,36605
1953.178082,36056
1953.180822,35577
1953.183562,35157
1953.186301,34790
1953.189041,34468
1953.191781,34187
1953.194521,33941
1953.19726,33621
1953.2,33340
1953.20274,33095
1953.205479,32881
1953.208219,32693
1953.210959,32529
1953.213699,32385
1953.216438,32305
1953.219178,32234
1953.221918,32172
1953.224658,32118
1953.227397,32071
1953.230137,32029
1953.232877,31993
1953.235616,31752
1953.238356,31541
1953.241096,31356
1953.243836,31194
1953.246575,31053
1953.249315,30929
1953.252055,30821
1953.254795,30052
1953.257534,29380
1953.260274,28792
1953.263014,28277
1953.265753,27826
1953.268493,27432
1953.271233,27087
1953.273973,27115
1953.276712,27139
1953.279452,27160
1953.282192,27178
1953.284932,27195
1953.287671,27209
1953.290411,27221
1953.293151,26603
1953.29589,26062
1953.29863,25589
1953.30137,25175
1953.30411,24813
1953.306849,24496
1953.309589,24219
1953.312329,23198
1953.315068,22304
1953.317808,21522
1953.320548,20838
1953.323288,20239
1953.326027,19716
1953.328767,19257
1953.331507,18422
1953.334247,17691
1953.336986,17052
1953.339726,16493
1953.342466,16003
1953.345205,15575
1953.347945,15200
1953.350685,14722
1953.353425,14304
1953.356164,13938
1953.358904,13618
1953.361644,13338
1953.364384,13093
1953.367123,12879
1953.369863,12736
1953.372603,12611
1953.375342,12502
1953.378082,12406
1953.380822,12323
1953.383562,12250
1953.386301,12186
1953.389041,12159
1953.391781,12137
1953.394521,12117
1953.39726,12099
1953.4,12084
1953.40274,12071
1953.405479,12059
1953.408219,11869
1953.410959,11703
1953.413699,11557
1953.416438,11430
1953.419178,11319
1953.421918,11221
1953.424658,11136
1953.427397,11017
1953.430137,10912
1953.432877,10821
1953.435616,10741
1953.438356,10671
1953.441096,10609
1953.443836,10556
1953.446575,10329
1953.449315,10131
1953.452055,9957
1953.454795,9806
1953.457534,9673
1953.460274,9557
1953.463014,9455
1953.465753,9381
1953.468493,9316
1953.471233,9259
1953.473973,9210
1953.476712,9166
1953.479452,9129
1953.482192,9095
1953.484932,8962
1953.487671,8844
1953.490411,8742
1953.493151,8652
1953.49589,8574
1953.49863,8505
1953.50137,8445
1953.50411,8348
1953.506849,8263
1953.509589,8188
1953.512329,8123
1953.515068,8065
1953.517808,8015
1953.520548,7972
1953.523288,7784
1953.526027,7619
1953.528767,7475
1953.531507,7349
1953.534247,7239
1953.536986,7142
1953.539726,7058
1953.542466,6880
1953.545205,6723
1953.547945,6587
1953.550685,6467
1953.553425,6362
1953.556164,6271
1953.558904,6191
1953.561644,6061
1953.564384,5947
1953.567123,5847
1953.569863,5760
1953.572603,5684
1953.575342,5617
1953.578082,5558
1953.580822,5388
1953.583562,5238
1953.586301,5107
1953.589041,4993
1953.591781,4893
1953.594521,4805
1953.59726,4729
1953.6,4542
1953.60274,4378
1953.605479,4235
1953.608219,4110
1953.610959,4001
1953.613699,3905
1953.616438,3821
1953.619178,3658
1953.621918,3515
1953.624658,3390
1953.627397,3281
1953.630137,3185
1953.632877,3101
1953.635616,3028
1953.638356,2874
1953.641096,2740
1953.643836,2622
1953.646575,2519
1953.649315,2428
1953.652055,2349
1953.654795,2280
1953.657534,2145
1953.660274,2027
1953.663014,1923
1953.665753,1832
1953.668493,1753
1953.671233,1684
1953.673973,1623
1953.676712,1540
1953.679452,1467
1953.682192,1403
1953.684932,1348
1953.687671,1299
1953.690411,1256
1953.693151,1219
1953.69589,1156
1953.69863,1102
1953.70137,1054
1953.70411,1012
1953.706849,975
1953.709589,943
1953.712329,915
1953.715068,891
1953.717808,869
1953.720548,850
1953.723288,834
1953.726027,820
1953.728767,807
1953.731507,796
1953.734247,771
1953.736986,750
1953.739726,731
1953.742466,714
1953.745205,700
1953.747945,687
1953.750685,676
1953.753425,682
1953.756164,686
1953.758904,690
1953.761644,694
1953.764384,697
1953.767123,700
1953.769863,702
1953.772603,719
1953.775342,734
1953.778082,747
1953.780822,759
1953.783562,769
1953.786301,777
1953.789041,785
1953.791781,792
1953.794521,798
1953.79726,803
1953.8,807
1953.80274,811
1953.805479,815
1953.808219,818
1953.810959,835
1953.813699,851
1953.816438,864
1953.819178,876
1953.821918,886
1953.824658,895
1953.827397,903
1953.830137,910
1953.832877,916
1953.835616,921
1953.838356,926
1953.841096,930
1953.843836,933
1953.846575,936
1953.849315,969
1953.852055,997
1953.854795,1022
1953.857534,1044
1953.860274,1064
1953.863014,1080
1953.865753,1095
1953.868493,1078
1953.871233,1063
1953.873973,1050
1953.876712,1038
1953.879452,1028
1953.882192,1019
1953.884932,1012
1953.887671,1005
1953.890411,999
1953.893151,994
1953.89589,989
1953.89863,985
1953.90137,982
1953.90411,979
1953.906849,991
1953.909589,1002
1953.912329,1012
1953.915068,1020
1953.917808,1027
1953.920548,1033
1953.923288,1039
1953.926027,1044
1953.928767,1048
1953.931507,1052
1953.934247,1055
1953.936986,1058
1953.939726,1060
1953.942466,1062
1953.945205,1064
1953.947945,1066
1953.950685,1068
1953.953425,1069
1953.956164,1070
1953.958904,1071
1953.961644,1072
1953.964384,1057
1953.967123,1045
1953.969863,1034
1953.972603,1025
1953.975342,1016
1953.978082,1009
1953.980822,1002
1953.983562,967
1953.986301,936
1953.989041,909
1953.991781,885
1953.994521,864
1953.99726,846
1954,830
1954.00274,921
1954.005479,1000
1954.008219,1070
1954.010959,1131
1954.013699,1184
1954.016438,1231
1954.019178,1271
1954.021918,1274
1954.024658,1276
1954.027397,1278
1954.030137,1280
1954.032877,1282
1954.035616,1283
1954.038356,1284
1954.041096,1289
1954.043836,1294
1954.046575,1298
1954.049315,1301
1954.052055,1304
1954.054795,1306
1954.057534,1309
1954.060274,1303
1954.063014,1297
1954.065753,1292
1954.068493,1288
1954.071233,1285
1954.073973,1282
1954.076712,1279
1954.079452,1289
1954.082192,1297
1954.084932,1304
1954.087671,1311
1954.090411,1317
1954.093151,1322
1954.09589,1326
1954.09863,1374
1954.10137,1416
1954.10411,1453
1954.106849,1486
1954.109589,1514
1954.112329,1539
1954.115068,1560
1954.117808,1628
1954.120548,1687
1954.123288,1738
1954.126027,1783
1954.128767,1823
1954.131507,1858
1954.134247,1888
1954.136986,1930
1954.139726,1968
1954.142466,2000
1954.145205,2029
1954.147945,2054
1954.150685,2076
1954.153425,2095
1954.156164,2132
1954.158904,2164
1954.161644,2192
1954.164384,2217
1954.167123,2239
1954.169863,2258
1954.172603,2275
1954.175342,2338
1954.178082,2393
1954.180822,2441
1954.183562,2483
1954.186301,2520
1954.189041,2552
1954.191781,2580
1954.194521,2573
1954.19726,2566
1954.2,2561
1954.20274,2555
1954.205479,2551
1954.208219,2547
1954.210959,2544
1954.213699,2557
1954.216438,2568
1954.219178,2579
1954.221918,2587
1954.224658,2595
1954.227397,2602
1954.230137,2608
1954.232877,2577
1954.235616,2549
1954.238356,2525
1954.241096,2504
1954.243836,2486
1954.246575,2470
1954.249315,2456
1954.252055,2480
1954.254795,2501
1954.257534,2520
1954.260274,2536
1954.263014,2550
1954.265753,2562
1954.268493,2573
1954.271233,2579
1954.273973,2583
1954.276712,2587
1954.279452,2591
1954.282192,2594
1954.284932,2597
1954.287671,2599
1954.290411,2549
1954.293151,2505
1954.29589,2466
1954.29863,2433
1954.30137,2403
1954.30411,2377
1954.306849,2355
1954.309589,2375
1954.312329,2393
1954.315068,2409
1954.317808,2423
1954.320548,2435
1954.323288,2446
1954.326027,2455
1954.328767,2431
1954.331507,2409
1954.334247,2391
1954.336986,2375
1954.339726,2360
1954.342466,2348
1954.345205,2337
1954.347945,2291
1954.350685,2251
1954.353425,2216
1954.356164,2185
1954.358904,2158
1954.361644,2135
1954.364384,2114
1954.367123,2092
1954.369863,2073
1954.372603,2056
1954.375342,2041
1954.378082,2029
1954.380822,2017
1954.383562,2007
1954.386301,2035
1954.389041,2059
1954.391781,2080
1954.394521,2099
1954.39726,2115
1954.4,2129
1954.40274,2142
1954.405479,2165
1954.408219,2185
1954.410959,2202
1954.413699,2218
1954.416438,2231
1954.419178,2243
1954.421918,2253
1954.424658,2375
1954.427397,2482
1954.430137,2576
1954.432877,2657
1954.435616,2729
1954.438356,2792
1954.441096,2846
1954.443836,2890
1954.446575,2929
1954.449315,2962
1954.452055,2992
1954.454795,3017
1954.457534,3040
1954.460274,3060
1954.463014,3121
1954.465753,3175
1954.468493,3223
1954.471233,3264
1954.473973,3300
1954.476712,3332
1954.479452,3359
1954.482192,3343
1954.484932,3329
1954.487671,3317
1954.490411,3306
1954.493151,3296
1954.49589,3288
1954.49863,3281
1954.50137,3311
1954.50411,3337
1954.506849,3360
1954.509589,3380
1954.512329,3398
1954.515068,3413
1954.517808,3427
1954.520548,3382
1954.523288,3343
1954.526027,3308
1954.528767,3278
1954.531507,3252
1954.534247,3229
1954.536986,3209
1954.539726,3248
1954.542466,3282
1954.545205,3312
1954.547945,3338
1954.550685,3361
1954.553425,3381
1954.556164,3399
1954.558904,3398
1954.561644,3397
1954.564384,3396
1954.567123,3396
1954.569863,3395
1954.572603,3395
1954.575342,3395
1954.578082,3455
1954.580822,3508
1954.583562,3554
1954.586301,3594
1954.589041,3629
1954.591781,3660
1954.594521,3687
1954.59726,3638
1954.6,3595
1954.60274,3558
1954.605479,3525
1954.608219,3496
1954.610959,3471
1954.613699,3449
1954.616438,3422
1954.619178,3398
1954.621918,3377
1954.624658,3358
1954.627397,3342
1954.630137,3328
1954.632877,3316
1954.635616,3224
1954.638356,3144
1954.641096,3074
1954.643836,3013
1954.646575,2959
1954.649315,2912
1954.652055,2871
1954.654795,2755
1954.657534,2653
1954.660274,2563
1954.663014,2485
1954.665753,2417
1954.668493,2357
1954.671233,2305
1954.673973,2243
1954.676712,2189
1954.679452,2141
1954.682192,2100
1954.684932,2063
1954.687671,2032
1954.690411,2004
1954.693151,1907
1954.69589,1822
1954.69863,1748
1954.70137,1682
1954.70411,1626
1954.706849,1576
1954.709589,1532
1954.712329,1522
1954.715068,1514
1954.717808,1506
1954.720548,1500
1954.723288,1494
1954.726027,1489
1954.728767,1485
1954.731507,1501
1954.734247,1515
1954.736986,1528
1954.739726,1538
1954.742466,1548
1954.745205,1556
1954.747945,1564
1954.750685,1631
1954.753425,1689
1954.756164,1741
1954.758904,1785
1954.761644,1825
1954.764384,1859
1954.767123,1889
1954.769863,1988
1954.772603,2075
1954.775342,2151
1954.778082,2217
1954.780822,2275
1954.783562,2326
1954.786301,2370
1954.789041,2474
1954.791781,2564
1954.794521,2643
1954.79726,2713
1954.8,2773
1954.80274,2826
1954.805479,2873
1954.808219,3006
1954.810959,3123
1954.813699,3225
1954.816438,3315
1954.819178,3393
1954.821918,3461
1954.824658,3521
1954.827397,3622
1954.830137,3710
1954.832877,3788
1954.835616,3855
1954.838356,3914
1954.841096,3966
1954.843836,4011
1954.846575,4172
1954.849315,4313
1954.852055,4436
1954.854795,4543
1954.857534,4638
1954.860274,4720
1954.863014,4792
1954.865753,4795
1954.868493,4797
1954.871233,4799
1954.873973,4801
1954.876712,4802
1954.879452,4803
1954.882192,4805
1954.884932,4878
1954.887671,4943
1954.890411,4999
1954.893151,5049
1954.89589,5092
1954.89863,5130
1954.90137,5163
1954.90411,5272
1954.906849,5368
1954.909589,5452
1954.912329,5526
1954.915068,5590
1954.917808,5646
1954.920548,5695
1954.923288,5840
1954.926027,5966
1954.928767,6076
1954.931507,6172
1954.934247,6257
1954.936986,6331
1954.939726,6395
1954.942466,6492
1954.945205,6577
1954.947945,6652
1954.950685,6717
1954.953425,6773
1954.956164,6823
1954.958904,6867
1954.961644,6949
1954.964384,7021
1954.967123,7085
1954.969863,7140
1954.972603,7188
1954.975342,7231
1954.978082,7268
1954.980822,7191
1954.983562,7124
1954.986301,7065
1954.989041,7014
1954.991781,6969
1954.994521,6929
1954.99726,6895
1955,7220
1955.00274,7505
1955.005479,7754
1955.008219,7972
1955.010959,8162
1955.013699,8329
1955.016438,8475
1955.019178,8750
1955.021918,8990
1955.024658,9201
1955.027397,9385
1955.030137,9546
1955.032877,9687
1955.035616,9810
1955.038356,9708
1955.041096,9619
1955.043836,9541
1955.046575,9473
1955.049315,9413
1955.052055,9361
1955.054795,9315
1955.057534,9161
1955.060274,9026
1955.063014,8908
1955.065753,8805
1955.068493,8714
1955.071233,8635
1955.073973,8566
1955.076712,9020
1955.079452,9417
1955.082192,9765
1955.084932,10069
1955.087671,10335
1955.090411,10568
1955.093151,10771
1955.09589,11255
1955.09863,11677
1955.10137,12047
1955.10411,12371
1955.106849,12654
1955.109589,12902
1955.112329,13119
1955.115068,14109
1955.117808,14976
1955.120548,15734
1955.123288,16397
1955.126027,16978
1955.128767,17486
1955.131507,17930
1955.134247,18548
1955.136986,19088
1955.139726,19561
1955.142466,19975
1955.145205,20337
1955.147945,20653
1955.150685,20931
1955.153425,21707
1955.156164,22386
1955.158904,22980
1955.161644,23500
1955.164384,23955
1955.167123,24353
1955.169863,24701
1955.172603,25406
1955.175342,26023
1955.178082,26563
1955.180822,27035
1955.183562,27449
1955.186301,27810
1955.189041,28127
1955.191781,28251
1955.194521,28360
1955.19726,28455
1955.2,28538
1955.20274,28611
1955.205479,28675
1955.208219,28731
1955.210959,29313
1955.213699,29823
1955.216438,30269
1955.219178,30659
1955.221918,31001
1955.224658,31299
1955.227397,31561
1955.230137,31713
1955.232877,31847
1955.235616,31963
1955.238356,32066
1955.241096,32155
1955.243836,32233
1955.246575,32302
1955.249315,32895
1955.252055,33415
1955.254795,33869
1955.257534,34267
1955.260274,34615
1955.263014,34919
1955.265753,35185
1955.268493,34637
1955.271233,34157
1955.273973,33738
1955.276712,33370
1955.279452,33049
1955.282192,32768
1955.284932,32521
1955.287671,33183
1955.290411,33762
1955.293151,34268
1955.29589,34711
1955.29863,35099
1955.30137,35438
1955.30411,35735
1955.306849,35366
1955.309589,35042
1955.312329,34760
1955.315068,34512
1955.317808,34296
1955.320548,34106
1955.323288,33941
1955.326027,32919
1955.328767,32025
1955.331507,31243
1955.334247,30558
1955.336986,29959
1955.339726,29435
1955.342466,28977
1955.345205,28137
1955.347945,27403
1955.350685,26760
1955.353425,26197
1955.356164,25705
1955.358904,25275
1955.361644,24898
1955.364384,24702
1955.367123,24530
1955.369863,24380
1955.372603,24248
1955.375342,24133
1955.378082,24033
1955.380822,23945
1955.383562,24344
1955.386301,24693
1955.389041,24999
1955.391781,25267
1955.394521,25501
1955.39726,25706
1955.4,25885
1955.40274,26385
1955.405479,26822
1955.408219,27205
1955.410959,27540
1955.413699,27832
1955.416438,28089
1955.419178,28313
1955.421918,28319
1955.424658,28324
1955.427397,28328
1955.430137,28332
1955.432877,28335
1955.435616,28338
1955.438356,28341
1955.441096,28762
1955.443836,29131
1955.446575,29454
1955.449315,29736
1955.452055,29984
1955.454795,30200
1955.457534,30389
1955.460274,29716
1955.463014,29127
1955.465753,28612
1955.468493,28161
1955.471233,27766
1955.473973,27421
1955.476712,27119
1955.479452,26664
1955.482192,26266
1955.484932,25918
1955.487671,25613
1955.490411,25346
1955.493151,25113
1955.49589,24909
1955.49863,24330
1955.50137,23824
1955.50411,23381
1955.506849,22993
1955.509589,22654
1955.512329,22357
1955.515068,22097
1955.517808,21965
1955.520548,21850
1955.523288,21749
1955.526027,21660
1955.528767,21583
1955.531507,21515
1955.534247,21456
1955.536986,21118
1955.539726,20822
1955.542466,20564
1955.545205,20337
1955.547945,20139
1955.550685,19966
1955.553425,19814
1955.556164,19415
1955.558904,19066
1955.561644,18760
1955.564384,18492
1955.567123,18258
1955.569863,18053
1955.572603,17874
1955.575342,17374
1955.578082,16937
1955.580822,16554
1955.583562,16219
1955.586301,15926
1955.589041,15669
1955.591781,15445
1955.594521,14944
1955.59726,14505
1955.6,14122
1955.60274,13786
1955.605479,13492
1955.608219,13235
1955.610959,13010
1955.613699,12546
1955.616438,12141
1955.619178,11786
1955.621918,11475
1955.624658,11203
1955.627397,10965
1955.630137,10757
1955.632877,10213
1955.635616,9737
1955.638356,9320
1955.641096,8956
1955.643836,8637
1955.646575,8357
1955.649315,8113
1955.652055,7633
1955.654795,7212
1955.657534,6844
1955.660274,6522
1955.663014,6240
1955.665753,5994
1955.668493,5778
1955.671233,5437
1955.673973,5139
1955.676712,4877
1955.679452,4649
1955.682192,4449
1955.684932,4274
1955.687671,4121
1955.690411,3834
1955.693151,3584
1955.69589,3365
1955.69863,3173
1955.70137,3005
1955.70411,2858
1955.706849,2729
1955.709589,2541
1955.712329,2376
1955.715068,2231
1955.717808,2105
1955.720548,1994
1955.723288,1897
1955.726027,1812
1955.728767,1738
1955.731507,1673
1955.734247,1617
1955.736986,1567
1955.739726,1524
1955.742466,1486
1955.745205,1452
1955.747945,1442
1955.750685,1434
1955.753425,1426
1955.756164,1419
1955.758904,1413
1955.761644,1408
1955.764384,1404
1955.767123,1438
1955.769863,1468
1955.772603,1494
1955.775342,1517
1955.778082,1537
1955.780822,1555
1955.783562,1570
1955.786301,1622
1955.789041,1667
1955.791781,1706
1955.794521,1740
1955.79726,1771
1955.8,1797
1955.80274,1820
1955.805479,1898
1955.808219,1965
1955.810959,2025
1955.813699,2077
1955.816438,2122
1955.819178,2162
1955.821918,2197
1955.824658,2246
1955.827397,2289
1955.830137,2327
1955.832877,2360
1955.835616,2389
1955.838356,2415
1955.841096,2437
1955.843836,2456
1955.846575,2473
1955.849315,2488
1955.852055,2501
1955.854795,2512
1955.857534,2522
1955.860274,2531
1955.863014,2558
1955.865753,2581
1955.868493,2601
1955.871233,2619
1955.873973,2635
1955.876712,2648
1955.879452,2660
1955.882192,2671
1955.884932,2680
1955.887671,2688
1955.890411,2695
1955.893151,2701
1955.89589,2706
1955.89863,2711
1955.90137,2734
1955.90411,2755
1955.906849,2773
1955.909589,2788
1955.912329,2802
1955.915068,2814
1955.917808,2824
1955.920548,2871
1955.923288,2913
1955.926027,2949
1955.928767,2981
1955.931507,3008
1955.934247,3033
1955.936986,3054
1955.939726,3072
1955.942466,3089
1955.945205,3103
1955.947945,3115
1955.950685,3126
1955.953425,3136
1955.956164,3144
1955.958904,3170
1955.961644,3193
1955.964384,3213
1955.967123,3231
1955.969863,3246
1955.972603,3260
1955.975342,3272
1955.978082,3225
1955.980822,3184
1955.983562,3148
1955.986301,3117
1955.989041,3089
1955.991781,3065
1955.994521,3044
1955.99726,3064
1956,3081
1956.00274,3096
1956.005479,3110
1956.008219,3121
1956.010959,3131
1956.013699,3140
1956.016438,3215
1956.019178,3281
1956.021918,3338
1956.024658,3388
1956.027397,3432
1956.030137,3471
1956.032877,3504
1956.035616,3410
1956.038356,3328
1956.041096,3255
1956.043836,3192
1956.046575,3137
1956.049315,3089
1956.052055,3047
1956.054795,2948
1956.057534,2862
1956.060274,2786
1956.063014,2720
1956.065753,2662
1956.068493,2611
1956.071233,2567
1956.073973,2555
1956.076712,2544
1956.079452,2535
1956.082192,2527
1956.084932,2520
1956.087671,2513
1956.090411,2508
1956.093151,2547
1956.09589,2582
1956.09863,2612
1956.10137,2638
1956.10411,2661
1956.106849,2681
1956.109589,2699
1956.112329,2780
1956.115068,2851
1956.117808,2914
1956.120548,2968
1956.123288,3016
1956.126027,3058
1956.128767,3095
1956.131507,3162
1956.134247,3221
1956.136986,3272
1956.139726,3318
1956.142466,3357
1956.145205,3391
1956.147945,3422
1956.150685,3453
1956.153425,3480
1956.156164,3503
1956.158904,3524
1956.161644,3542
1956.164384,3558
1956.167123,3572
1956.169863,3531
1956.172603,3495
1956.175342,3464
1956.178082,3437
1956.180822,3413
1956.183562,3392
1956.186301,3374
1956.189041,3336
1956.191781,3302
1956.194521,3273
1956.19726,3247
1956.2,3225
1956.20274,3206
1956.205479,3188
1956.208219,3209
1956.210959,3226
1956.213699,3242
1956.216438,3256
1956.219178,3268
1956.221918,3278
1956.224658,3287
1956.227397,3282
1956.230137,3277
1956.232877,3273
1956.235616,3270
1956.238356,3267
1956.241096,3264
1956.243836,3262
1956.246575,3242
1956.249315,3225
1956.252055,3210
1956.254795,3197
1956.257534,3185
1956.260274,3175
1956.263014,3166
1956.265753,3255
1956.268493,3333
1956.271233,3402
1956.273973,3461
1956.276712,3514
1956.279452,3560
1956.282192,3600
1956.284932,3582
1956.287671,3566
1956.290411,3553
1956.293151,3541
1956.29589,3530
1956.29863,3521
1956.30137,3513
1956.30411,3378
1956.306849,3260
1956.309589,3157
1956.312329,3067
1956.315068,2988
1956.317808,2918
1956.320548,2858
1956.323288,2792
1956.326027,2734
1956.328767,2683
1956.331507,2639
1956.334247,2600
1956.336986,2566
1956.339726,2536
1956.342466,2532
1956.345205,2529
1956.347945,2526
1956.350685,2523
1956.353425,2520
1956.356164,2518
1956.358904,2517
1956.361644,2647
1956.364384,2762
1956.367123,2862
1956.369863,2949
1956.372603,3026
1956.375342,3093
1956.378082,3152
1956.380822,3252
1956.383562,3339
1956.386301,3415
1956.389041,3482
1956.391781,3541
1956.394521,3592
1956.39726,3637
1956.4,3650
1956.40274,3661
1956.405479,3671
1956.408219,3679
1956.410959,3687
1956.413699,3693
1956.416438,3699
1956.419178,3792
1956.421918,3874
1956.424658,3945
1956.427397,4008
1956.430137,4062
1956.432877,4110
1956.435616,4152
1956.438356,4096
1956.441096,4047
1956.443836,4004
1956.446575,3967
1956.449315,3934
1956.452055,3905
1956.454795,3880
1956.457534,3884
1956.460274,3888
1956.463014,3892
1956.465753,3895
1956.468493,3897
1956.471233,3899
1956.473973,3901
1956.476712,3881
1956.479452,3863
1956.482192,3848
1956.484932,3834
1956.487671,3823
1956.490411,3812
1956.493151,3803
1956.49589,3870
1956.49863,3929
1956.50137,3980
1956.50411,4025
1956.506849,4064
1956.509589,4098
1956.512329,4128
1956.515068,4110
1956.517808,4095
1956.520548,4081
1956.523288,4069
1956.526027,4059
1956.528767,4050
1956.531507,4042
1956.534247,4013
1956.536986,3987
1956.539726,3965
1956.542466,3946
1956.545205,3929
1956.547945,3914
1956.550685,3901
1956.553425,3889
1956.556164,3879
1956.558904,3870
1956.561644,3863
1956.564384,3856
1956.567123,3850
1956.569863,3845
1956.572603,3841
1956.575342,3837
1956.578082,3833
1956.580822,3830
1956.583562,3828
1956.586301,3825
1956.589041,3823
1956.591781,3813
1956.594521,3804
1956.59726,3796
1956.6,3789
1956.60274,3782
1956.605479,3777
1956.608219,3772
1956.610959,3689
1956.613699,3616
1956.616438,3552
1956.619178,3496
1956.621918,3447
1956.624658,3404
1956.627397,3366
1956.630137,3294
1956.632877,3230
1956.635616,3175
1956.638356,3126
1956.641096,3084
1956.643836,3047
1956.646575,3014
1956.649315,2906
1956.652055,2812
1956.654795,2730
1956.657534,2657
1956.660274,2594
1956.663014,2539
1956.665753,2491
1956.668493,2378
1956.671233,2279
1956.673973,2192
1956.676712,2117
1956.679452,2051
1956.682192,1993
1956.684932,1942
1956.687671,1858
1956.690411,1784
1956.693151,1720
1956.69589,1664
1956.69863,1615
1956.70137,1571
1956.70411,1534
1956.706849,1479
1956.709589,1431
1956.712329,1389
1956.715068,1352
1956.717808,1319
1956.720548,1291
1956.723288,1267
1956.726027,1267
1956.728767,1267
1956.731507,1268
1956.734247,1268
1956.736986,1268
1956.739726,1268
1956.742466,1268
1956.745205,1313
1956.747945,1352
1956.750685,1385
1956.753425,1415
1956.756164,1441
1956.758904,1464
1956.761644,1484
1956.764384,1585
1956.767123,1673
1956.769863,1751
1956.772603,1818
1956.775342,1878
1956.778082,1930
1956.780822,1975
1956.783562,2037
1956.786301,2091
1956.789041,2138
1956.791781,2180
1956.794521,2216
1956.79726,2248
1956.8,2275
1956.80274,2397
1956.805479,2503
1956.808219,2596
1956.810959,2677
1956.813699,2748
1956.816438,2810
1956.819178,2865
1956.821918,2943
1956.824658,3012
1956.827397,3072
1956.830137,3125
1956.832877,3171
1956.835616,3211
1956.838356,3246
1956.841096,3286
1956.843836,3320
1956.846575,3350
1956.849315,3377
1956.852055,3400
1956.854795,3420
1956.857534,3438
1956.860274,3458
1956.863014,3475
1956.865753,3491
1956.868493,3504
1956.871233,3516
1956.873973,3526
1956.876712,3535
1956.879452,3600
1956.882192,3657
1956.884932,3707
1956.887671,3751
1956.890411,3789
1956.893151,3822
1956.89589,3851
1956.89863,3956
1956.90137,4048
1956.90411,4129
1956.906849,4199
1956.909589,4261
1956.912329,4314
1956.915068,4362
1956.917808,4469
1956.920548,4563
1956.923288,4645
1956.926027,4717
1956.928767,4780
1956.931507,4835
1956.934247,4883
1956.936986,5137
1956.939726,5359
1956.942466,5554
1956.945205,5724
1956.947945,5873
1956.950685,6003
1956.953425,6117
1956.956164,6291
1956.958904,6444
1956.961644,6578
1956.964384,6695
1956.967123,6797
1956.969863,6886
1956.972603,6965
1956.975342,7055
1956.978082,7135
1956.980822,7204
1956.983562,7265
1956.986301,7318
1956.989041,7365
1956.991781,7405
1956.994521,7476
1956.99726,7538
1957,7592
1957.00274,7640
1957.005479,7681
1957.008219,7717
1957.010959,7749
1957.013699,8347
1957.016438,8870
1957.019178,9328
1957.021918,9729
1957.024658,10079
1957.027397,10386
1957.030137,10654
1957.032877,10645
1957.035616,10637
1957.038356,10631
1957.041096,10625
1957.043836,10619
1957.046575,10615
1957.049315,10611
1957.052055,10451
1957.054795,10311
1957.057534,10188
1957.060274,10081
1957.063014,9987
1957.065753,9905
1957.068493,9833
1957.071233,9962
1957.073973,10074
1957.076712,10173
1957.079452,10259
1957.082192,10334
1957.084932,10400
1957.087671,10458
1957.090411,11013
1957.093151,11499
1957.09589,11924
1957.09863,12296
1957.10137,12621
1957.10411,12906
1957.106849,13155
1957.109589,13913
1957.112329,14576
1957.115068,15156
1957.117808,15663
1957.120548,16107
1957.123288,16496
1957.126027,16836
1957.128767,17551
1957.131507,18177
1957.134247,18725
1957.136986,19204
1957.139726,19624
1957.142466,19990
1957.145205,20311
1957.147945,20819
1957.150685,21263
1957.153425,21651
1957.156164,21991
1957.158904,22288
1957.161644,22548
1957.164384,22776
1957.167123,23219
1957.169863,23606
1957.172603,23945
1957.175342,24242
1957.178082,24502
1957.180822,24729
1957.183562,24927
1957.186301,25362
1957.189041,25743
1957.191781,26076
1957.194521,26367
1957.19726,26622
1957.2,26845
1957.20274,27041
1957.205479,27211
1957.208219,27361
1957.210959,27492
1957.213699,27606
1957.216438,27706
1957.219178,27794
1957.221918,27870
1957.224658,28268
1957.227397,28616
1957.230137,28921
1957.232877,29187
1957.235616,29420
1957.238356,29624
1957.241096,29803
1957.243836,29681
1957.246575,29574
1957.249315,29480
1957.252055,29398
1957.254795,29327
1957.257534,29264
1957.260274,29209
1957.263014,29179
1957.265753,29152
1957.268493,29128
1957.271233,29108
1957.273973,29090
1957.276712,29074
1957.279452,29061
1957.282192,29327
1957.284932,29560
1957.287671,29764
1957.290411,29943
1957.293151,30099
1957.29589,30235
1957.29863,30355
1957.30137,29676
1957.30411,29083
1957.306849,28563
1957.309589,28108
1957.312329,27710
1957.315068,27362
1957.317808,27058
1957.320548,27540
1957.323288,27961
1957.326027,28330
1957.328767,28653
1957.331507,28936
1957.334247,29183
1957.336986,29399
1957.339726,29031
1957.342466,28710
1957.345205,28428
1957.347945,28182
1957.350685,27966
1957.353425,27778
1957.356164,27612
1957.358904,26772
1957.361644,26036
1957.364384,25393
1957.367123,24830
1957.369863,24337
1957.372603,23906
1957.375342,23529
1957.378082,22972
1957.380822,22485
1957.383562,22060
1957.386301,21687
1957.389041,21361
1957.391781,21075
1957.394521,20826
1957.39726,21007
1957.4,21166
1957.40274,21306
1957.405479,21427
1957.408219,21534
1957.410959,21627
1957.413699,21709
1957.416438,22094
1957.419178,22430
1957.421918,22725
1957.424658,22982
1957.427397,23208
1957.430137,23405
1957.432877,23578
1957.435616,23973
1957.438356,24318
1957.441096,24620
1957.443836,24885
1957.446575,25116
1957.449315,25319
1957.452055,25496
1957.454795,25425
1957.457534,25362
1957.460274,25308
1957.463014,25260
1957.465753,25218
1957.468493,25182
1957.471233,25150
1957.473973,25191
1957.476712,25228
1957.479452,25259
1957.482192,25287
1957.484932,25312
1957.487671,25333
1957.490411,25352
1957.493151,24672
1957.49589,24077
1957.49863,23557
1957.50137,23101
1957.50411,22703
1957.506849,22354
1957.509589,22049
1957.512329,21503
1957.515068,21026
1957.517808,20608
1957.520548,20243
1957.523288,19923
1957.526027,19643
1957.528767,19398
1957.531507,18888
1957.534247,18442
1957.536986,18051
1957.539726,17710
1957.542466,17411
1957.545205,17149
1957.547945,16920
1957.550685,16633
1957.553425,16381
1957.556164,16162
1957.558904,15969
1957.561644,15801
1957.564384,15653
1957.567123,15524
1957.569863,15237
1957.572603,14986
1957.575342,14767
1957.578082,14574
1957.580822,14406
1957.583562,14259
1957.586301,14130
1957.589041,13774
1957.591781,13462
1957.594521,13189
1957.59726,12950
1957.6,12741
1957.60274,12558
1957.605479,12399
1957.608219,11980
1957.610959,11614
1957.613699,11294
1957.616438,11013
1957.619178,10768
1957.621918,10554
1957.624658,10366
1957.627397,10010
1957.630137,9699
1957.632877,9426
1957.635616,9188
1957.638356,8980
1957.641096,8797
1957.643836,8638
1957.646575,8167
1957.649315,7756
1957.652055,7395
1957.654795,7080
1957.657534,6804
1957.660274,6563
1957.663014,6352
1957.665753,5993
1957.668493,5679
1957.671233,5404
1957.673973,5164
1957.676712,4954
1957.679452,4770
1957.682192,4609
1957.684932,4328
1957.687671,4083
1957.690411,3869
1957.693151,3681
1957.69589,3517
1957.69863,3373
1957.70137,3247
1957.70411,3015
1957.706849,2812
1957.709589,2635
1957.712329,2479
1957.715068,2344
1957.717808,2225
1957.720548,2121
1957.723288,2012
1957.726027,1917
1957.728767,1834
1957.731507,1762
1957.734247,1698
1957.736986,1643
1957.739726,1594
1957.742466,1534
1957.745205,1482
1957.747945,1436
1957.750685,1396
1957.753425,1360
1957.756164,1330
1957.758904,1303
1957.761644,1331
1957.764384,1356
1957.767123,1378
1957.769863,1397
1957.772603,1414
1957.775342,1429
1957.778082,1442
1957.780822,1435
1957.783562,1430
1957.786301,1425
1957.789041,1421
1957.791781,1417
1957.794521,1414
1957.79726,1411
1957.8,1426
1957.80274,1440
1957.805479,1451
1957.808219,1461
1957.810959,1470
1957.813699,1478
1957.816438,1484
1957.819178,1508
1957.821918,1528
1957.824658,1546
1957.827397,1562
1957.830137,1575
1957.832877,1587
1957.835616,1598
1957.838356,1642
1957.841096,1680
1957.843836,1714
1957.846575,1743
1957.849315,1769
1957.852055,1792
1957.854795,1811
1957.857534,1829
1957.860274,1844
1957.863014,1857
1957.865753,1869
1957.868493,1879
1957.871233,1888
1957.873973,1895
1957.876712,1902
1957.879452,1908
1957.882192,1913
1957.884932,1918
1957.887671,1922
1957.890411,1925
1957.893151,1928
1957.89589,1966
1957.89863,1999
1957.90137,2027
1957.90411,2053
1957.906849,2075
1957.909589,2094
1957.912329,2111
1957.915068,2108
1957.917808,2106
1957.920548,2104
1957.923288,2102
1957.926027,2100
1957.928767,2099
1957.931507,2098
1957.934247,2149
1957.936986,2193
1957.939726,2233
1957.942466,2267
1957.945205,2297
1957.947945,2323
1957.950685,2346
1957.953425,2401
1957.956164,2449
1957.958904,2491
1957.961644,2528
1957.964384,2560
1957.967123,2588
1957.969863,2613
1957.972603,2634
1957.975342,2653
1957.978082,2670
1957.980822,2684
1957.983562,2697
1957.986301,2708
1957.989041,2717
1957.991781,2674
1957.994521,2635
1957.99726,2602
1958,2572
1958.00274,2547
1958.005479,2524
1958.008219,2505
1958.010959,2714
1958.013699,2898
1958.016438,3058
1958.019178,3199
1958.021918,3322
1958.024658,3430
1958.027397,3524
1958.030137,3512
1958.032877,3502
1958.035616,3493
1958.038356,3485
1958.041096,3478
1958.043836,3472
1958.046575,3467
1958.049315,3396
1958.052055,3334
1958.054795,3280
1958.057534,3232
1958.060274,3191
1958.063014,3155
1958.065753,3123
1958.068493,3079
1958.071233,3041
1958.073973,3008
1958.076712,2979
1958.079452,2953
1958.082192,2931
1958.084932,2912
1958.087671,3063
1958.090411,3196
1958.093151,3312
1958.09589,3413
1958.09863,3502
1958.10137,3580
1958.10411,3648
1958.106849,3748
1958.109589,3837
1958.112329,3914
1958.115068,3982
1958.117808,4041
1958.120548,4093
1958.123288,4138
1958.126027,4293
1958.128767,4429
1958.131507,4548
1958.134247,4653
1958.136986,4744
1958.139726,4823
1958.142466,4893
1958.145205,4967
1958.147945,5032
1958.150685,5088
1958.153425,5137
1958.156164,5181
1958.158904,5219
1958.161644,5252
1958.164384,5246
1958.167123,5241
1958.169863,5236
1958.172603,5232
1958.175342,5229
1958.178082,5226
1958.180822,5223
1958.183562,5243
1958.186301,5260
1958.189041,5275
1958.191781,5289
1958.194521,5300
1958.19726,5311
1958.2,5319
1958.20274,5250
1958.205479,5189
1958.208219,5136
1958.210959,5089
1958.213699,5049
1958.216438,5013
1958.219178,4982
1958.221918,5046
1958.224658,5103
1958.227397,5153
1958.230137,5196
1958.232877,5234
1958.235616,5267
1958.238356,5296
1958.241096,5271
1958.243836,5248
1958.246575,5229
1958.249315,5212
1958.252055,5197
1958.254795,5184
1958.257534,5173
1958.260274,5149
1958.263014,5128
1958.265753,5110
1958.268493,5094
1958.271233,5080
1958.273973,5067
1958.276712,5057
1958.279452,5177
1958.282192,5282
1958.284932,5374
1958.287671,5454
1958.290411,5524
1958.293151,5586
1958.29589,5640
1958.29863,5691
1958.30137,5736
1958.30411,5775
1958.306849,5810
1958.309589,5840
1958.312329,5866
1958.315068,5889
1958.317808,5735
1958.320548,5600
1958.323288,5482
1958.326027,5379
1958.328767,5288
1958.331507,5209
1958.334247,5140
1958.336986,5047
1958.339726,4965
1958.342466,4893
1958.345205,4831
1958.347945,4776
1958.350685,4728
1958.353425,4686
1958.356164,4631
1958.358904,4583
1958.361644,4541
1958.364384,4505
1958.367123,4473
1958.369863,4444
1958.372603,4420
1958.375342,4544
1958.378082,4653
1958.380822,4748
1958.383562,4831
1958.386301,4903
1958.389041,4967
1958.391781,5023
1958.394521,5180
1958.39726,5317
1958.4,5437
1958.40274,5543
1958.405479,5635
1958.408219,5715
1958.410959,5786
1958.413699,5883
1958.416438,5969
1958.419178,6044
1958.421918,6109
1958.424658,6167
1958.427397,6217
1958.430137,6261
1958.432877,6432
1958.435616,6582
1958.438356,6713
1958.441096,6828
1958.443836,6928
1958.446575,7016
1958.449315,7093
1958.452055,7035
1958.454795,6985
1958.457534,6941
1958.460274,6903
1958.463014,6869
1958.465753,6839
1958.468493,6814
1958.471233,6871
1958.473973,6921
1958.476712,6965
1958.479452,7003
1958.482192,7036
1958.484932,7066
1958.487671,7091
1958.490411,7099
1958.493151,7105
1958.49589,7111
1958.49863,7116
1958.50137,7120
1958.50411,7124
1958.506849,7127
1958.509589,7193
1958.512329,7251
1958.515068,7301
1958.517808,7345
1958.520548,7383
1958.523288,7417
1958.526027,7446
1958.528767,7566
1958.531507,7671
1958.534247,7763
1958.536986,7844
1958.539726,7914
1958.542466,7976
1958.545205,8030
1958.547945,8017
1958.550685,8005
1958.553425,7995
1958.556164,7986
1958.558904,7978
1958.561644,7972
1958.564384,7966
1958.567123,7949
1958.569863,7934
1958.572603,7921
1958.575342,7909
1958.578082,7899
1958.580822,7890
1958.583562,7882
1958.586301,7833
1958.589041,7791
1958.591781,7753
1958.594521,7720
1958.59726,7691
1958.6,7666
1958.60274,7644
1958.605479,7521
1958.608219,7413
1958.610959,7318
1958.613699,7235
1958.616438,7163
1958.619178,7100
1958.621918,7044
1958.624658,6921
1958.627397,6813
1958.630137,6719
1958.632877,6636
1958.635616,6564
1958.638356,6501
1958.641096,6445
1958.643836,6203
1958.646575,5991
1958.649315,5806
1958.652055,5643
1958.654795,5501
1958.657534,5377
1958.660274,5268
1958.663014,5025
1958.665753,4812
1958.668493,4626
1958.671233,4463
1958.673973,4320
1958.676712,4195
1958.679452,4086
1958.682192,3869
1958.684932,3679
1958.687671,3513
1958.690411,3367
1958.693151,3240
1958.69589,3129
1958.69863,3031
1958.70137,2891
1958.70411,2768
1958.706849,2660
1958.709589,2566
1958.712329,2484
1958.715068,2412
1958.717808,2349
1958.720548,2274
1958.723288,2208
1958.726027,2150
1958.728767,2100
1958.731507,2056
1958.734247,2017
1958.736986,1984
1958.739726,1977
1958.742466,1971
1958.745205,1966
1958.747945,1961
1958.750685,1957
1958.753425,1954
1958.756164,1951
1958.758904,2002
1958.761644,2047
1958.764384,2086
1958.767123,2120
1958.769863,2151
1958.772603,2177
1958.775342,2200
1958.778082,2337
1958.780822,2458
1958.783562,2563
1958.786301,2655
1958.789041,2736
1958.791781,2807
1958.794521,2868
1958.79726,3065
1958.8,3237
1958.80274,3387
1958.805479,3519
1958.808219,3634
1958.810959,3735
1958.813699,3824
1958.816438,3973
1958.819178,4104
1958.821918,4219
1958.824658,4319
1958.827397,4407
1958.830137,4484
1958.832877,4551
1958.835616,4726
1958.838356,4880
1958.841096,5014
1958.843836,5131
1958.846575,5234
1958.849315,5324
1958.852055,5403
1958.854795,5517
1958.857534,5616
1958.860274,5704
1958.863014,5780
1958.865753,5847
1958.868493,5905
1958.871233,5956
1958.873973,6072
1958.876712,6173
1958.879452,6261
1958.882192,6338
1958.884932,6406
1958.887671,6465
1958.890411,6517
1958.893151,6609
1958.89589,6691
1958.89863,6762
1958.90137,6824
1958.90411,6878
1958.906849,6926
1958.909589,6968
1958.912329,7123
1958.915068,7259
1958.917808,7377
1958.920548,7481
1958.923288,7572
1958.926027,7652
1958.928767,7722
1958.931507,8003
1958.934247,8248
1958.936986,8463
1958.939726,8652
1958.942466,8816
1958.945205,8960
1958.947945,9087
1958.950685,9353
1958.953425,9586
1958.956164,9789
1958.958904,9968
1958.961644,10124
1958.964384,10260
1958.967123,10380
1958.969863,10588
1958.972603,10770
1958.975342,10929
1958.978082,11069
1958.980822,11191
1958.983562,11297
1958.986301,11391
1958.989041,11162
1958.991781,10963
1958.994521,10788
1958.99726,10635
1959,10501
1959.00274,10384
1959.005479,10281
1959.008219,11541
1959.010959,12643
1959.013699,13608
1959.016438,14452
1959.019178,15190
1959.021918,15837
1959.024658,16402
1959.027397,16472
1959.030137,16533
1959.032877,16587
1959.035616,16633
1959.038356,16674
1959.041096,16710
1959.043836,16742
1959.046575,16423
1959.049315,16145
1959.052055,15902
1959.054795,15688
1959.057534,15502
1959.060274,15339
1959.063014,15196
1959.065753,15216
1959.068493,15233
1959.071233,15248
1959.073973,15261
1959.076712,15273
1959.079452,15283
1959.082192,15292
1959.084932,15910
1959.087671,16450
1959.090411,16923
1959.093151,17336
1959.09589,17698
1959.09863,18015
1959.10137,18292
1959.10411,19117
1959.106849,19839
1959.109589,20471
1959.112329,21024
1959.115068,21508
1959.117808,21931
1959.120548,22301
1959.123288,23042
1959.126027,23689
1959.128767,24256
1959.131507,24752
1959.134247,25186
1959.136986,25566
1959.139726,25898
1959.142466,26365
1959.145205,26774
1959.147945,27132
1959.150685,27445
1959.153425,27719
1959.156164,27959
1959.158904,28169
1959.161644,28148
1959.164384,28131
1959.167123,28115
1959.169863,28102
1959.172603,28090
1959.175342,28079
1959.178082,28070
1959.180822,27859
1959.183562,27674
1959.186301,27512
1959.189041,27370
1959.191781,27246
1959.194521,27138
1959.19726,27043
1959.2,26853
1959.20274,26687
1959.205479,26542
1959.208219,26415
1959.210959,26304
1959.213699,26207
1959.216438,26122
1959.219178,26128
1959.221918,26133
1959.224658,26137
1959.227397,26141
1959.230137,26144
1959.232877,26147
1959.235616,26150
1959.238356,25619
1959.241096,25154
1959.243836,24747
1959.246575,24392
1959.249315,24080
1959.252055,23808
1959.254795,23569
1959.257534,24161
1959.260274,24678
1959.263014,25131
1959.265753,25527
1959.268493,25874
1959.271233,26177
1959.273973,26443
1959.276712,26341
1959.279452,26252
1959.282192,26174
1959.284932,26106
1959.287671,26047
1959.290411,25995
1959.293151,25949
1959.29589,25183
1959.29863,24513
1959.30137,23926
1959.30411,23413
1959.306849,22964
1959.309589,22572
1959.312329,22228
1959.315068,21476
1959.317808,20818
1959.320548,20242
1959.323288,19738
1959.326027,19297
1959.328767,18912
1959.331507,18574
1959.334247,18259
1959.336986,17983
1959.339726,17742
1959.342466,17531
1959.345205,17346
1959.347945,17184
1959.350685,17043
1959.353425,17116
1959.356164,17179
1959.358904,17235
1959.361644,17284
1959.364384,17326
1959.367123,17364
1959.369863,17396
1959.372603,17771
1959.375342,18098
1959.378082,18385
1959.380822,18636
1959.383562,18855
1959.386301,19047
1959.389041,19215
1959.391781,19266
1959.394521,19311
1959.39726,19350
1959.4,19384
1959.40274,19414
1959.405479,19440
1959.408219,19463
1959.410959,19411
1959.413699,19366
1959.416438,19327
1959.419178,19292
1959.421918,19262
1959.424658,19236
1959.427397,19213
1959.430137,18885
1959.432877,18598
1959.435616,18347
1959.438356,18128
1959.441096,17936
1959.443836,17768
1959.446575,17621
1959.449315,17314
1959.452055,17046
1959.454795,16811
1959.457534,16606
1959.460274,16426
1959.463014,16269
1959.465753,16131
1959.468493,15644
1959.471233,15219
1959.473973,14846
1959.476712,14520
1959.479452,14235
1959.482192,13985
1959.484932,13767
1959.487671,13604
1959.490411,13461
1959.493151,13336
1959.49589,13227
1959.49863,13131
1959.50137,13047
1959.50411,12974
1959.506849,12772
1959.509589,12595
1959.512329,12440
1959.515068,12304
1959.517808,12186
1959.520548,12082
1959.523288,11991
1959.526027,11731
1959.528767,11504
1959.531507,11305
1959.534247,11131
1959.536986,10979
1959.539726,10846
1959.542466,10729
1959.545205,10586
1959.547945,10461
1959.550685,10352
1959.553425,10256
1959.556164,10172
1959.558904,10099
1959.561644,10034
1959.564384,9778
1959.567123,9553
1959.569863,9357
1959.572603,9185
1959.575342,9035
1959.578082,8903
1959.580822,8788
1959.583562,8555
1959.586301,8352
1959.589041,8174
1959.591781,8018
1959.594521,7881
1959.59726,7762
1959.6,7658
1959.60274,7346
1959.605479,7073
1959.608219,6835
1959.610959,6626
1959.613699,6443
1959.616438,6283
1959.619178,6144
1959.621918,5941
1959.624658,5763
1959.627397,5608
1959.630137,5472
1959.632877,5353
1959.635616,5249
1959.638356,5158
1959.641096,4902
1959.643836,4679
1959.646575,4484
1959.649315,4312
1959.652055,4163
1959.654795,4032
1959.657534,3917
1959.660274,3687
1959.663014,3486
1959.665753,3310
1959.668493,3156
1959.671233,3021
1959.673973,2903
1959.676712,2799
1959.679452,2624
1959.682192,2471
1959.684932,2337
1959.687671,2220
1959.690411,2117
1959.693151,2027
1959.69589,1949
1959.69863,1825
1959.70137,1717
1959.70411,1622
1959.706849,1539
1959.709589,1466
1959.712329,1403
1959.715068,1347
1959.717808,1275
1959.720548,1211
1959.723288,1156
1959.726027,1107
1959.728767,1065
1959.731507,1028
1959.734247,995
1959.736986,967
1959.739726,942
1959.742466,921
1959.745205,902
1959.747945,885
1959.750685,871
1959.753425,858
1959.756164,862
1959.758904,866
1959.761644,869
1959.764384,872
1959.767123,874
1959.769863,876
1959.772603,878
1959.775342,884
1959.778082,888
1959.780822,892
1959.783562,896
1959.786301,899
1959.789041,902
1959.791781,904
1959.794521,926
1959.79726,944
1959.8,960
1959.80274,975
1959.805479,987
1959.808219,998
1959.810959,1008
1959.813699,1024
1959.816438,1039
1959.819178,1052
1959.821918,1063
1959.824658,1073
1959.827397,1081
1959.830137,1089
1959.832877,1098
1959.835616,1106
1959.838356,1114
1959.841096,1120
1959.843836,1125
1959.846575,1130
1959.849315,1134
1959.852055,1160
1959.854795,1182
1959.857534,1202
1959.860274,1219
1959.863014,1234
1959.865753,1247
1959.868493,1259
1959.871233,1251
1959.873973,1245
1959.876712,1239
1959.879452,1234
1959.882192,1230
1959.884932,1226
1959.887671,1223
1959.890411,1211
1959.893151,1200
1959.89589,1190
1959.89863,1182
1959.90137,1175
1959.90411,1168
1959.906849,1163
1959.909589,1182
1959.912329,1198
1959.915068,1213
1959.917808,1226
1959.920548,1237
1959.923288,1247
1959.926027,1255
1959.928767,1254
1959.931507,1253
1959.934247,1253
1959.936986,1252
1959.939726,1251
1959.942466,1251
1959.945205,1250
1959.947945,1252
1959.950685,1253
1959.953425,1254
1959.956164,1255
1959.958904,1256
1959.961644,1257
1959.964384,1258
1959.967123,1252
1959.969863,1247
1959.972603,1243
1959.975342,1239
1959.978082,1236
1959.980822,1233
1959.983562,1230
1959.986301,1210
1959.989041,1192
1959.991781,1176
1959.994521,1162
1959.99726,1150
